SET SEARCH_PATH TO practice_05;

-- adding entries for table countries

INSERT INTO practice_05.countries (code, name, continent, region, surface_area, indep_year, local_name, gov_form, capital, cap_long, cap_lat) VALUES ('AFG', 'Afghanistan', 'Asia', 'Southern and Central Asia', 652090, 1919, 'Afganistan/Afqanestan', 'Islamic Emirate', 'Kabul', 69.1761, 34.5228);
INSERT INTO practice_05.countries (code, name, continent, region, surface_area, indep_year, local_name, gov_form, capital, cap_long, cap_lat) VALUES ('NLD', 'Netherlands', 'Europe', 'Western Europe', 41526, 1581, 'Nederland', 'Constitutional Monarchy', 'Amsterdam', 4.89095, 52.3738);
INSERT INTO practice_05.countries (code, name, continent, region, surface_area, indep_year, local_name, gov_form, capital, cap_long, cap_lat) VALUES ('ALB', 'Albania', 'Europe', 'Southern Europe', 28748, 1912, 'Shqiperia', 'Republic', 'Tirane', 19.8172, 41.3317);
INSERT INTO practice_05.countries (code, name, continent, region, surface_area, indep_year, local_name, gov_form, capital, cap_long, cap_lat) VALUES ('DZA', 'Algeria', 'Africa', 'Northern Africa', 2381740, 1962, 'Al-Jazair/Algerie', 'Republic', 'Algiers', 3.05097, 36.7397);
INSERT INTO practice_05.countries (code, name, continent, region, surface_area, indep_year, local_name, gov_form, capital, cap_long, cap_lat) VALUES ('ASM', 'American Samoa', 'Oceania', 'Polynesia', 199, null, 'Amerika Samoa', 'US Territory', 'Pago Pago', -170.691, -14.2846);
INSERT INTO practice_05.countries (code, name, continent, region, surface_area, indep_year, local_name, gov_form, capital, cap_long, cap_lat) VALUES ('AND', 'Andorra', 'Europe', 'Southern Europe', 468, 1278, 'Andorra', 'Parliamentary Coprincipality', 'Andorra la Vella', 1.5218, 42.5075);
INSERT INTO practice_05.countries (code, name, continent, region, surface_area, indep_year, local_name, gov_form, capital, cap_long, cap_lat) VALUES ('AGO', 'Angola', 'Africa', 'Central Africa', 1246700, 1975, 'Angola', 'Republic', 'Luanda', 13.242, -8.81155);
INSERT INTO practice_05.countries (code, name, continent, region, surface_area, indep_year, local_name, gov_form, capital, cap_long, cap_lat) VALUES ('ATG', 'Antigua and Barbuda', 'North America', 'Caribbean', 442, 1981, 'Antigua and Barbuda', 'Constitutional Monarchy', 'Saint John''s', -61.8456, 17.1175);
INSERT INTO practice_05.countries (code, name, continent, region, surface_area, indep_year, local_name, gov_form, capital, cap_long, cap_lat) VALUES ('ARE', 'United Arab Emirates', 'Asia', 'Middle East', 83600, 1971, 'Al-Imarat al-´Arabiya al-Muttahida', 'Emirate Federation', 'Abu Dhabi', 54.3705, 24.4764);
INSERT INTO practice_05.countries (code, name, continent, region, surface_area, indep_year, local_name, gov_form, capital, cap_long, cap_lat) VALUES ('ARG', 'Argentina', 'South America', 'South America', 2780400, 1816, 'Argentina', 'Federal Republic', 'Buenos Aires', -58.4173, -34.6118);
INSERT INTO practice_05.countries (code, name, continent, region, surface_area, indep_year, local_name, gov_form, capital, cap_long, cap_lat) VALUES ('ARM', 'Armenia', 'Asia', 'Middle East', 29800, 1991, 'Hajastan', 'Republic', 'Yerevan', 44.509, 40.1596);
INSERT INTO practice_05.countries (code, name, continent, region, surface_area, indep_year, local_name, gov_form, capital, cap_long, cap_lat) VALUES ('ABW', 'Aruba', 'North America', 'Caribbean', 193, null, 'Aruba', 'Nonmetropolitan Territory of The Netherlands', 'Oranjestad', -70.0167, 12.5167);
INSERT INTO practice_05.countries (code, name, continent, region, surface_area, indep_year, local_name, gov_form, capital, cap_long, cap_lat) VALUES ('AUS', 'Australia', 'Oceania', 'Australia and New Zealand', 7741220, 1901, 'Australia', 'Constitutional Monarchy, Federation', 'Canberra', 149.129, -35.282);
INSERT INTO practice_05.countries (code, name, continent, region, surface_area, indep_year, local_name, gov_form, capital, cap_long, cap_lat) VALUES ('AZE', 'Azerbaijan', 'Asia', 'Middle East', 86600, 1991, 'Azarbaycan', 'Federal Republic', 'Baku', 49.8932, 40.3834);
INSERT INTO practice_05.countries (code, name, continent, region, surface_area, indep_year, local_name, gov_form, capital, cap_long, cap_lat) VALUES ('BHS', 'Bahamas', 'North America', 'Caribbean', 13878, 1973, 'The Bahamas', 'Constitutional Monarchy', 'Nassau', -77.339, 25.0661);
INSERT INTO practice_05.countries (code, name, continent, region, surface_area, indep_year, local_name, gov_form, capital, cap_long, cap_lat) VALUES ('BHR', 'Bahrain', 'Asia', 'Middle East', 694, 1971, 'Al-Bahrayn', 'Monarchy (Emirate)', 'Manama', 50.5354, 26.1921);
INSERT INTO practice_05.countries (code, name, continent, region, surface_area, indep_year, local_name, gov_form, capital, cap_long, cap_lat) VALUES ('BGD', 'Bangladesh', 'Asia', 'Southern and Central Asia', 143998, 1971, 'Bangladesh', 'Republic', 'Dhaka', 90.4113, 23.7055);
INSERT INTO practice_05.countries (code, name, continent, region, surface_area, indep_year, local_name, gov_form, capital, cap_long, cap_lat) VALUES ('BRB', 'Barbados', 'North America', 'Caribbean', 430, 1966, 'Barbados', 'Constitutional Monarchy', 'Bridgetown', -59.6105, 13.0935);
INSERT INTO practice_05.countries (code, name, continent, region, surface_area, indep_year, local_name, gov_form, capital, cap_long, cap_lat) VALUES ('BEL', 'Belgium', 'Europe', 'Western Europe', 30518, 1830, 'Belgie/Belgique', 'Constitutional Monarchy, Federation', 'Brussels', 4.36761, 50.8371);
INSERT INTO practice_05.countries (code, name, continent, region, surface_area, indep_year, local_name, gov_form, capital, cap_long, cap_lat) VALUES ('BLZ', 'Belize', 'North America', 'Central America', 22696, 1981, 'Belize', 'Constitutional Monarchy', 'Belmopan', -88.7713, 17.2534);
INSERT INTO practice_05.countries (code, name, continent, region, surface_area, indep_year, local_name, gov_form, capital, cap_long, cap_lat) VALUES ('BEN', 'Benin', 'Africa', 'Western Africa', 112622, 1960, 'Benin', 'Republic', 'Porto-Novo', 2.6323, 6.4779);
INSERT INTO practice_05.countries (code, name, continent, region, surface_area, indep_year, local_name, gov_form, capital, cap_long, cap_lat) VALUES ('BMU', 'Bermuda', 'North America', 'North America', 53, null, 'Bermuda', 'Dependent Territory of the UK', 'Hamilton', -64.706, 32.3293);
INSERT INTO practice_05.countries (code, name, continent, region, surface_area, indep_year, local_name, gov_form, capital, cap_long, cap_lat) VALUES ('BTN', 'Bhutan', 'Asia', 'Southern and Central Asia', 47000, 1910, 'Druk-Yul', 'Monarchy', 'Thimphu', 89.6177, 27.5768);
INSERT INTO practice_05.countries (code, name, continent, region, surface_area, indep_year, local_name, gov_form, capital, cap_long, cap_lat) VALUES ('BOL', 'Bolivia', 'South America', 'South America', 1098580, 1825, 'Bolivia', 'Republic', 'La Paz', -66.1936, -13.9908);
INSERT INTO practice_05.countries (code, name, continent, region, surface_area, indep_year, local_name, gov_form, capital, cap_long, cap_lat) VALUES ('BIH', 'Bosnia and Herzegovina', 'Europe', 'Southern Europe', 51197, 1992, 'Bosna i Hercegovina', 'Federal Republic', 'Sarajevo', 18.4214, 43.8607);
INSERT INTO practice_05.countries (code, name, continent, region, surface_area, indep_year, local_name, gov_form, capital, cap_long, cap_lat) VALUES ('BWA', 'Botswana', 'Africa', 'Southern Africa', 581730, 1966, 'Botswana', 'Republic', 'Gaborone', 25.9201, -24.6544);
INSERT INTO practice_05.countries (code, name, continent, region, surface_area, indep_year, local_name, gov_form, capital, cap_long, cap_lat) VALUES ('BRA', 'Brazil', 'South America', 'South America', 8547400, 1822, 'Brasil', 'Federal Republic', 'Brasilia', -47.9292, -15.7801);
INSERT INTO practice_05.countries (code, name, continent, region, surface_area, indep_year, local_name, gov_form, capital, cap_long, cap_lat) VALUES ('GBR', 'United Kingdom', 'Europe', 'British Islands', 242900, 1066, 'United Kingdom', 'Constitutional Monarchy', 'London', -0.126236, 51.5002);
INSERT INTO practice_05.countries (code, name, continent, region, surface_area, indep_year, local_name, gov_form, capital, cap_long, cap_lat) VALUES ('VGB', 'Virgin Islands, British', 'North America', 'Caribbean', 151, null, 'British Virgin Islands', 'Dependent Territory of the UK', 'Road Town', -64.623055, 18.431389);
INSERT INTO practice_05.countries (code, name, continent, region, surface_area, indep_year, local_name, gov_form, capital, cap_long, cap_lat) VALUES ('BRN', 'Brunei', 'Asia', 'Southeast Asia', 5765, 1984, 'Brunei Darussalam', 'Monarchy (Sultanate)', 'Bandar Seri Begawan', 114.946, 4.94199);
INSERT INTO practice_05.countries (code, name, continent, region, surface_area, indep_year, local_name, gov_form, capital, cap_long, cap_lat) VALUES ('BGR', 'Bulgaria', 'Europe', 'Eastern Europe', 110994, 1908, 'Balgarija', 'Republic', 'Sofia', 23.3238, 42.7105);
INSERT INTO practice_05.countries (code, name, continent, region, surface_area, indep_year, local_name, gov_form, capital, cap_long, cap_lat) VALUES ('BFA', 'Burkina Faso', 'Africa', 'Western Africa', 274000, 1960, 'Burkina Faso', 'Republic', 'Ouagadougou', -1.53395, 12.3605);
INSERT INTO practice_05.countries (code, name, continent, region, surface_area, indep_year, local_name, gov_form, capital, cap_long, cap_lat) VALUES ('BDI', 'Burundi', 'Africa', 'Eastern Africa', 27834, 1962, 'Burundi/Uburundi', 'Republic', 'Bujumbura', 29.3639, -3.3784);
INSERT INTO practice_05.countries (code, name, continent, region, surface_area, indep_year, local_name, gov_form, capital, cap_long, cap_lat) VALUES ('CYM', 'Cayman Islands', 'North America', 'Caribbean', 264, null, 'Cayman Islands', 'Dependent Territory of the UK', 'George Town', -81.3857, 19.3022);
INSERT INTO practice_05.countries (code, name, continent, region, surface_area, indep_year, local_name, gov_form, capital, cap_long, cap_lat) VALUES ('CHL', 'Chile', 'South America', 'South America', 756626, 1810, 'Chile', 'Republic', 'Santiago', -70.6475, -33.475);
INSERT INTO practice_05.countries (code, name, continent, region, surface_area, indep_year, local_name, gov_form, capital, cap_long, cap_lat) VALUES ('CRI', 'Costa Rica', 'North America', 'Central America', 51100, 1821, 'Costa Rica', 'Republic', 'San Jose', -84.0089, 9.63701);
INSERT INTO practice_05.countries (code, name, continent, region, surface_area, indep_year, local_name, gov_form, capital, cap_long, cap_lat) VALUES ('DJI', 'Djibouti', 'Africa', 'Eastern Africa', 23200, 1977, 'Djibouti/Jibuti', 'Republic', 'Djibouti', 43.1425, 11.5806);
INSERT INTO practice_05.countries (code, name, continent, region, surface_area, indep_year, local_name, gov_form, capital, cap_long, cap_lat) VALUES ('DMA', 'Dominica', 'North America', 'Caribbean', 751, 1978, 'Dominica', 'Republic', 'Roseau', -61.39, 15.2976);
INSERT INTO practice_05.countries (code, name, continent, region, surface_area, indep_year, local_name, gov_form, capital, cap_long, cap_lat) VALUES ('DOM', 'Dominican Republic', 'North America', 'Caribbean', 48511, 1844, 'Republica Dominicana', 'Republic', 'Santo Domingo', -69.8908, 18.479);
INSERT INTO practice_05.countries (code, name, continent, region, surface_area, indep_year, local_name, gov_form, capital, cap_long, cap_lat) VALUES ('ECU', 'Ecuador', 'South America', 'South America', 283561, 1822, 'Ecuador', 'Republic', 'Quito', -78.5243, -0.229498);
INSERT INTO practice_05.countries (code, name, continent, region, surface_area, indep_year, local_name, gov_form, capital, cap_long, cap_lat) VALUES ('EGY', 'Egypt', 'Africa', 'Northern Africa', 1001450, 1922, 'Misr', 'Republic', 'Cairo', 31.2461, 30.0982);
INSERT INTO practice_05.countries (code, name, continent, region, surface_area, indep_year, local_name, gov_form, capital, cap_long, cap_lat) VALUES ('SLV', 'El Salvador', 'North America', 'Central America', 21041, 1841, 'El Salvador', 'Republic', 'San Salvador', -89.2073, 13.7034);
INSERT INTO practice_05.countries (code, name, continent, region, surface_area, indep_year, local_name, gov_form, capital, cap_long, cap_lat) VALUES ('ERI', 'Eritrea', 'Africa', 'Eastern Africa', 117600, 1993, 'Ertra', 'Republic', 'Asmara', 38.9183, 15.3315);
INSERT INTO practice_05.countries (code, name, continent, region, surface_area, indep_year, local_name, gov_form, capital, cap_long, cap_lat) VALUES ('ESP', 'Spain', 'Europe', 'Southern Europe', 505992, 1492, 'Espana', 'Constitutional Monarchy', 'Madrid', -3.70327, 40.4167);
INSERT INTO practice_05.countries (code, name, continent, region, surface_area, indep_year, local_name, gov_form, capital, cap_long, cap_lat) VALUES ('ZAF', 'South Africa', 'Africa', 'Southern Africa', 1221040, 1910, 'South Africa', 'Republic', 'Pretoria', 28.1871, -25.746);
INSERT INTO practice_05.countries (code, name, continent, region, surface_area, indep_year, local_name, gov_form, capital, cap_long, cap_lat) VALUES ('ETH', 'Ethiopia', 'Africa', 'Eastern Africa', 1104300, -1000, 'YeItyop´iya', 'Republic', 'Addis Ababa', 38.7468, 9.02274);
INSERT INTO practice_05.countries (code, name, continent, region, surface_area, indep_year, local_name, gov_form, capital, cap_long, cap_lat) VALUES ('FJI', 'Fiji Islands', 'Oceania', 'Melanesia', 18274, 1970, 'Fiji Islands', 'Republic', 'Suva', 178.399, -18.1149);
INSERT INTO practice_05.countries (code, name, continent, region, surface_area, indep_year, local_name, gov_form, capital, cap_long, cap_lat) VALUES ('PHL', 'Philippines', 'Asia', 'Southeast Asia', 300000, 1946, 'Pilipinas', 'Republic', 'Manila', 121.035, 14.5515);
INSERT INTO practice_05.countries (code, name, continent, region, surface_area, indep_year, local_name, gov_form, capital, cap_long, cap_lat) VALUES ('FRO', 'Faroe Islands', 'Europe', 'Nordic Countries', 1399, null, 'Foroyar', 'Part of Denmark', 'Torshavn', -6.91181, 61.8926);
INSERT INTO practice_05.countries (code, name, continent, region, surface_area, indep_year, local_name, gov_form, capital, cap_long, cap_lat) VALUES ('GAB', 'Gabon', 'Africa', 'Central Africa', 267668, 1960, 'Le Gabon', 'Republic', 'Libreville', 9.45162, 0.38832);
INSERT INTO practice_05.countries (code, name, continent, region, surface_area, indep_year, local_name, gov_form, capital, cap_long, cap_lat) VALUES ('GMB', 'Gambia', 'Africa', 'Western Africa', 11295, 1965, 'The Gambia', 'Republic', 'Banjul', -16.5885, 13.4495);
INSERT INTO practice_05.countries (code, name, continent, region, surface_area, indep_year, local_name, gov_form, capital, cap_long, cap_lat) VALUES ('GEO', 'Georgia', 'Asia', 'Middle East', 69700, 1991, 'Sakartvelo', 'Republic', 'Tbilisi', 44.793, 41.71);
INSERT INTO practice_05.countries (code, name, continent, region, surface_area, indep_year, local_name, gov_form, capital, cap_long, cap_lat) VALUES ('GHA', 'Ghana', 'Africa', 'Western Africa', 238533, 1957, 'Ghana', 'Republic', 'Accra', -0.20795, 5.57045);
INSERT INTO practice_05.countries (code, name, continent, region, surface_area, indep_year, local_name, gov_form, capital, cap_long, cap_lat) VALUES ('GIB', 'Gibraltar', 'Europe', 'Southern Europe', 6, null, 'Gibraltar', 'Dependent Territory of the UK', null, null, null);
INSERT INTO practice_05.countries (code, name, continent, region, surface_area, indep_year, local_name, gov_form, capital, cap_long, cap_lat) VALUES ('GRD', 'Grenada', 'North America', 'Caribbean', 344, 1974, 'Grenada', 'Constitutional Monarchy', 'Saint George''s', -61.7449, 12.0653);
INSERT INTO practice_05.countries (code, name, continent, region, surface_area, indep_year, local_name, gov_form, capital, cap_long, cap_lat) VALUES ('GRL', 'Greenland', 'North America', 'North America', 2166090, null, 'Kalaallit Nunaat/Gronland', 'Part of Denmark', 'Nuuk', -51.7214, 64.1836);
INSERT INTO practice_05.countries (code, name, continent, region, surface_area, indep_year, local_name, gov_form, capital, cap_long, cap_lat) VALUES ('GUM', 'Guam', 'Oceania', 'Micronesia', 549, null, 'Guam', 'US Territory', 'Agana', 144.794, 13.4443);
INSERT INTO practice_05.countries (code, name, continent, region, surface_area, indep_year, local_name, gov_form, capital, cap_long, cap_lat) VALUES ('GTM', 'Guatemala', 'North America', 'Central America', 108889, 1821, 'Guatemala', 'Republic', 'Guatemala City', -90.5328, 14.6248);
INSERT INTO practice_05.countries (code, name, continent, region, surface_area, indep_year, local_name, gov_form, capital, cap_long, cap_lat) VALUES ('GIN', 'Guinea', 'Africa', 'Western Africa', 245857, 1958, 'Guinee', 'Republic', 'Conakry', -13.7, 9.51667);
INSERT INTO practice_05.countries (code, name, continent, region, surface_area, indep_year, local_name, gov_form, capital, cap_long, cap_lat) VALUES ('GNB', 'Guinea-Bissau', 'Africa', 'Western Africa', 36125, 1974, 'Guine-Bissau', 'Republic', 'Bissau', -15.1804, 11.8037);
INSERT INTO practice_05.countries (code, name, continent, region, surface_area, indep_year, local_name, gov_form, capital, cap_long, cap_lat) VALUES ('GUY', 'Guyana', 'South America', 'South America', 214969, 1966, 'Guyana', 'Republic', 'Georgetown', -58.1548, 6.80461);
INSERT INTO practice_05.countries (code, name, continent, region, surface_area, indep_year, local_name, gov_form, capital, cap_long, cap_lat) VALUES ('HTI', 'Haiti', 'North America', 'Caribbean', 27750, 1804, 'Haiti/Dayti', 'Republic', 'Port-au-Prince', -72.3288, 18.5392);
INSERT INTO practice_05.countries (code, name, continent, region, surface_area, indep_year, local_name, gov_form, capital, cap_long, cap_lat) VALUES ('HND', 'Honduras', 'North America', 'Central America', 112088, 1838, 'Honduras', 'Republic', 'Tegucigalpa', -87.4667, 15.1333);
INSERT INTO practice_05.countries (code, name, continent, region, surface_area, indep_year, local_name, gov_form, capital, cap_long, cap_lat) VALUES ('IDN', 'Indonesia', 'Asia', 'Southeast Asia', 1904570, 1945, 'Indonesia', 'Republic', 'Jakarta', 106.83, -6.19752);
INSERT INTO practice_05.countries (code, name, continent, region, surface_area, indep_year, local_name, gov_form, capital, cap_long, cap_lat) VALUES ('IND', 'India', 'Asia', 'Southern and Central Asia', 3287260, 1947, 'Bharat/India', 'Federal Republic', 'New Delhi', 77.225, 28.6353);
INSERT INTO practice_05.countries (code, name, continent, region, surface_area, indep_year, local_name, gov_form, capital, cap_long, cap_lat) VALUES ('IRQ', 'Iraq', 'Asia', 'Middle East', 438317, 1932, 'Al-´Iraq', 'Republic', 'Baghdad', 44.394, 33.3302);
INSERT INTO practice_05.countries (code, name, continent, region, surface_area, indep_year, local_name, gov_form, capital, cap_long, cap_lat) VALUES ('IRN', 'Iran', 'Asia', 'Southern and Central Asia', 1648200, 1906, 'Iran', 'Islamic Republic', 'Tehran', 51.4447, 35.6878);
INSERT INTO practice_05.countries (code, name, continent, region, surface_area, indep_year, local_name, gov_form, capital, cap_long, cap_lat) VALUES ('IRL', 'Ireland', 'Europe', 'British Islands', 70273, 1921, 'Ireland/Eire', 'Republic', 'Dublin', -6.26749, 53.3441);
INSERT INTO practice_05.countries (code, name, continent, region, surface_area, indep_year, local_name, gov_form, capital, cap_long, cap_lat) VALUES ('ISL', 'Iceland', 'Europe', 'Nordic Countries', 103000, 1944, 'Island', 'Republic', 'Reykjavik', -21.8952, 64.1353);
INSERT INTO practice_05.countries (code, name, continent, region, surface_area, indep_year, local_name, gov_form, capital, cap_long, cap_lat) VALUES ('ISR', 'Israel', 'Asia', 'Middle East', 21056, 1948, 'Yisrael/Israil', 'Republic', null, 35.2035, 31.7717);
INSERT INTO practice_05.countries (code, name, continent, region, surface_area, indep_year, local_name, gov_form, capital, cap_long, cap_lat) VALUES ('ITA', 'Italy', 'Europe', 'Southern Europe', 301316, 1861, 'Italia', 'Republic', 'Rome', 12.4823, 41.8955);
INSERT INTO practice_05.countries (code, name, continent, region, surface_area, indep_year, local_name, gov_form, capital, cap_long, cap_lat) VALUES ('AUT', 'Austria', 'Europe', 'Western Europe', 83859, 1918, 'Osterreich', 'Federal Republic', 'Vienna', 16.3798, 48.2201);
INSERT INTO practice_05.countries (code, name, continent, region, surface_area, indep_year, local_name, gov_form, capital, cap_long, cap_lat) VALUES ('JAM', 'Jamaica', 'North America', 'Caribbean', 10990, 1962, 'Jamaica', 'Constitutional Monarchy', 'Kingston', -76.792, 17.9927);
INSERT INTO practice_05.countries (code, name, continent, region, surface_area, indep_year, local_name, gov_form, capital, cap_long, cap_lat) VALUES ('JPN', 'Japan', 'Asia', 'Eastern Asia', 377829, -660, 'Nihon/Nippon', 'Constitutional Monarchy', 'Tokyo', 139.77, 35.67);
INSERT INTO practice_05.countries (code, name, continent, region, surface_area, indep_year, local_name, gov_form, capital, cap_long, cap_lat) VALUES ('YEM', 'Yemen', 'Asia', 'Middle East', 527968, 1918, 'Al-Yaman', 'Republic', 'Sana''a', 44.2075, 15.352);
INSERT INTO practice_05.countries (code, name, continent, region, surface_area, indep_year, local_name, gov_form, capital, cap_long, cap_lat) VALUES ('JOR', 'Jordan', 'Asia', 'Middle East', 88946, 1946, 'Al-Urdunn', 'Constitutional Monarchy', 'Amman', 35.9263, 31.9497);
INSERT INTO practice_05.countries (code, name, continent, region, surface_area, indep_year, local_name, gov_form, capital, cap_long, cap_lat) VALUES ('KHM', 'Cambodia', 'Asia', 'Southeast Asia', 181035, 1953, 'Kampuchea', 'Constitutional Monarchy', 'Phnom Penh', 104.874, 11.5556);
INSERT INTO practice_05.countries (code, name, continent, region, surface_area, indep_year, local_name, gov_form, capital, cap_long, cap_lat) VALUES ('CMR', 'Cameroon', 'Africa', 'Central Africa', 475442, 1960, 'Cameroun/Cameroon', 'Republic', 'Yaounde', 11.5174, 3.8721);
INSERT INTO practice_05.countries (code, name, continent, region, surface_area, indep_year, local_name, gov_form, capital, cap_long, cap_lat) VALUES ('CAN', 'Canada', 'North America', 'North America', 9970610, 1867, 'Canada', 'Constitutional Monarchy, Federation', 'Ottawa', -75.6919, 45.4215);
INSERT INTO practice_05.countries (code, name, continent, region, surface_area, indep_year, local_name, gov_form, capital, cap_long, cap_lat) VALUES ('CPV', 'Cape Verde', 'Africa', 'Western Africa', 4033, 1975, 'Cabo Verde', 'Republic', 'Praia', -23.5087, 14.9218);
INSERT INTO practice_05.countries (code, name, continent, region, surface_area, indep_year, local_name, gov_form, capital, cap_long, cap_lat) VALUES ('KAZ', 'Kazakhstan', 'Asia', 'Southern and Central Asia', 2724900, 1991, 'Qazaqstan', 'Republic', 'Astana', 71.4382, 51.1879);
INSERT INTO practice_05.countries (code, name, continent, region, surface_area, indep_year, local_name, gov_form, capital, cap_long, cap_lat) VALUES ('KEN', 'Kenya', 'Africa', 'Eastern Africa', 580367, 1963, 'Kenya', 'Republic', 'Nairobi', 36.8126, -1.27975);
INSERT INTO practice_05.countries (code, name, continent, region, surface_area, indep_year, local_name, gov_form, capital, cap_long, cap_lat) VALUES ('CAF', 'Central African Republic', 'Africa', 'Central Africa', 622984, 1960, 'Centrafrique/Be-Afrika', 'Republic', 'Bangui', 21.6407, 5.63056);
INSERT INTO practice_05.countries (code, name, continent, region, surface_area, indep_year, local_name, gov_form, capital, cap_long, cap_lat) VALUES ('CHN', 'China', 'Asia', 'Eastern Asia', 9572900, -1523, 'Zhongquo', 'People''sRepublic', 'Beijing', 116.286, 40.0495);
INSERT INTO practice_05.countries (code, name, continent, region, surface_area, indep_year, local_name, gov_form, capital, cap_long, cap_lat) VALUES ('KGZ', 'Kyrgyzstan', 'Asia', 'Southern and Central Asia', 199900, 1991, 'Kyrgyzstan', 'Republic', 'Bishkek', 74.6057, 42.8851);
INSERT INTO practice_05.countries (code, name, continent, region, surface_area, indep_year, local_name, gov_form, capital, cap_long, cap_lat) VALUES ('KIR', 'Kiribati', 'Oceania', 'Micronesia', 726, 1979, 'Kiribati', 'Republic', 'Tarawa', 172.979, 1.32905);
INSERT INTO practice_05.countries (code, name, continent, region, surface_area, indep_year, local_name, gov_form, capital, cap_long, cap_lat) VALUES ('COL', 'Colombia', 'South America', 'South America', 1138910, 1810, 'Colombia', 'Republic', 'Bogota', -74.082, 4.60987);
INSERT INTO practice_05.countries (code, name, continent, region, surface_area, indep_year, local_name, gov_form, capital, cap_long, cap_lat) VALUES ('COM', 'Comoros', 'Africa', 'Eastern Africa', 1862, 1975, 'Komori/Comores', 'Republic', 'Moroni', 43.2418, -11.6986);
INSERT INTO practice_05.countries (code, name, continent, region, surface_area, indep_year, local_name, gov_form, capital, cap_long, cap_lat) VALUES ('COG', 'Congo', 'Africa', 'Central Africa', 342000, 1960, 'Congo', 'Republic', 'Brazzaville', 15.2662, -4.2767);
INSERT INTO practice_05.countries (code, name, continent, region, surface_area, indep_year, local_name, gov_form, capital, cap_long, cap_lat) VALUES ('COD', 'Congo, The Democratic Republic of the', 'Africa', 'Central Africa', 2344860, 1960, 'Republique Democratique du Congo', 'Republic', 'Kinshasa', 15.3222, -4.325);
INSERT INTO practice_05.countries (code, name, continent, region, surface_area, indep_year, local_name, gov_form, capital, cap_long, cap_lat) VALUES ('PRK', 'North Korea', 'Asia', 'Eastern Asia', 120538, 1948, 'Choson Minjujuui In´min Konghwaguk (Bukhan)', 'Socialistic Republic', 'Pyongyang', 125.754, 39.0319);
INSERT INTO practice_05.countries (code, name, continent, region, surface_area, indep_year, local_name, gov_form, capital, cap_long, cap_lat) VALUES ('KOR', 'South Korea', 'Asia', 'Eastern Asia', 99434, 1948, 'Taehan Minguk (Namhan)', 'Republic', 'Seoul', 126.957, 37.5323);
INSERT INTO practice_05.countries (code, name, continent, region, surface_area, indep_year, local_name, gov_form, capital, cap_long, cap_lat) VALUES ('GRC', 'Greece', 'Europe', 'Southern Europe', 131626, 1830, 'Ellada', 'Republic', 'Athens', 23.7166, 37.9792);
INSERT INTO practice_05.countries (code, name, continent, region, surface_area, indep_year, local_name, gov_form, capital, cap_long, cap_lat) VALUES ('HRV', 'Croatia', 'Europe', 'Southern Europe', 56538, 1991, 'Hrvatska', 'Republic', 'Zagreb', 15.9614, 45.8069);
INSERT INTO practice_05.countries (code, name, continent, region, surface_area, indep_year, local_name, gov_form, capital, cap_long, cap_lat) VALUES ('CUB', 'Cuba', 'North America', 'Caribbean', 110861, 1902, 'Cuba', 'Socialistic Republic', 'Havana', -82.3667, 23.1333);
INSERT INTO practice_05.countries (code, name, continent, region, surface_area, indep_year, local_name, gov_form, capital, cap_long, cap_lat) VALUES ('KWT', 'Kuwait', 'Asia', 'Middle East', 17818, 1961, 'Al-Kuwayt', 'Constitutional Monarchy (Emirate)', 'Kuwait City', 47.9824, 29.3721);
INSERT INTO practice_05.countries (code, name, continent, region, surface_area, indep_year, local_name, gov_form, capital, cap_long, cap_lat) VALUES ('CYP', 'Cyprus', 'Asia', 'Middle East', 9251, 1960, 'Kypros/Kibris', 'Republic', 'Nicosia', 33.3736, 35.1676);
INSERT INTO practice_05.countries (code, name, continent, region, surface_area, indep_year, local_name, gov_form, capital, cap_long, cap_lat) VALUES ('LAO', 'Laos', 'Asia', 'Southeast Asia', 236800, 1953, 'Lao', 'Republic', 'Vientiane', 102.177, 18.5826);
INSERT INTO practice_05.countries (code, name, continent, region, surface_area, indep_year, local_name, gov_form, capital, cap_long, cap_lat) VALUES ('LVA', 'Latvia', 'Europe', 'Baltic Countries', 64589, 1991, 'Latvija', 'Republic', 'Riga', 24.1048, 56.9465);
INSERT INTO practice_05.countries (code, name, continent, region, surface_area, indep_year, local_name, gov_form, capital, cap_long, cap_lat) VALUES ('LSO', 'Lesotho', 'Africa', 'Southern Africa', 30355, 1966, 'Lesotho', 'Constitutional Monarchy', 'Maseru', 27.7167, -29.5208);
INSERT INTO practice_05.countries (code, name, continent, region, surface_area, indep_year, local_name, gov_form, capital, cap_long, cap_lat) VALUES ('LBN', 'Lebanon', 'Asia', 'Middle East', 10400, 1941, 'Lubnan', 'Republic', 'Beirut', 35.5134, 33.8872);
INSERT INTO practice_05.countries (code, name, continent, region, surface_area, indep_year, local_name, gov_form, capital, cap_long, cap_lat) VALUES ('LBR', 'Liberia', 'Africa', 'Western Africa', 111369, 1847, 'Liberia', 'Republic', 'Monrovia', -10.7957, 6.30039);
INSERT INTO practice_05.countries (code, name, continent, region, surface_area, indep_year, local_name, gov_form, capital, cap_long, cap_lat) VALUES ('LBY', 'Libya', 'Africa', 'Northern Africa', 1759540, 1951, 'Libiya', 'Socialistic State', 'Tripoli', 13.1072, 32.8578);
INSERT INTO practice_05.countries (code, name, continent, region, surface_area, indep_year, local_name, gov_form, capital, cap_long, cap_lat) VALUES ('LIE', 'Liechtenstein', 'Europe', 'Western Europe', 160, 1806, 'Liechtenstein', 'Constitutional Monarchy', 'Vaduz', 9.52148, 47.1411);
INSERT INTO practice_05.countries (code, name, continent, region, surface_area, indep_year, local_name, gov_form, capital, cap_long, cap_lat) VALUES ('LTU', 'Lithuania', 'Europe', 'Baltic Countries', 65301, 1991, 'Lietuva', 'Republic', 'Vilnius', 25.2799, 54.6896);
INSERT INTO practice_05.countries (code, name, continent, region, surface_area, indep_year, local_name, gov_form, capital, cap_long, cap_lat) VALUES ('LUX', 'Luxembourg', 'Europe', 'Western Europe', 2586, 1867, 'Luxembourg/Letzebuerg', 'Constitutional Monarchy', 'Luxembourg', 6.1296, 49.61);
INSERT INTO practice_05.countries (code, name, continent, region, surface_area, indep_year, local_name, gov_form, capital, cap_long, cap_lat) VALUES ('MAC', 'Macao', 'Asia', 'Eastern Asia', 18, null, 'Macau/Aomen', 'Special Administrative Region of China', null, 113.55, 22.1667);
INSERT INTO practice_05.countries (code, name, continent, region, surface_area, indep_year, local_name, gov_form, capital, cap_long, cap_lat) VALUES ('MDG', 'Madagascar', 'Africa', 'Eastern Africa', 587041, 1960, 'Madagasikara/Madagascar', 'Federal Republic', 'Antananarivo', 45.7167, -20.4667);
INSERT INTO practice_05.countries (code, name, continent, region, surface_area, indep_year, local_name, gov_form, capital, cap_long, cap_lat) VALUES ('MKD', 'Macedonia', 'Europe', 'Southern Europe', 25713, 1991, 'Makedonija', 'Republic', 'Skopje', 21.4361, 42.0024);
INSERT INTO practice_05.countries (code, name, continent, region, surface_area, indep_year, local_name, gov_form, capital, cap_long, cap_lat) VALUES ('MWI', 'Malawi', 'Africa', 'Eastern Africa', 118484, 1964, 'Malawi', 'Republic', 'Lilongwe', 33.7703, -13.9899);
INSERT INTO practice_05.countries (code, name, continent, region, surface_area, indep_year, local_name, gov_form, capital, cap_long, cap_lat) VALUES ('MDV', 'Maldives', 'Asia', 'Southern and Central Asia', 298, 1965, 'Dhivehi Raajje/Maldives', 'Republic', 'Male', 73.5109, 4.1742);
INSERT INTO practice_05.countries (code, name, continent, region, surface_area, indep_year, local_name, gov_form, capital, cap_long, cap_lat) VALUES ('MYS', 'Malaysia', 'Asia', 'Southeast Asia', 329758, 1957, 'Malaysia', 'Constitutional Monarchy, Federation', 'Kuala Lumpur', 101.684, 3.12433);
INSERT INTO practice_05.countries (code, name, continent, region, surface_area, indep_year, local_name, gov_form, capital, cap_long, cap_lat) VALUES ('MLI', 'Mali', 'Africa', 'Western Africa', 1240190, 1960, 'Mali', 'Republic', 'Bamako', -7.50034, 13.5667);
INSERT INTO practice_05.countries (code, name, continent, region, surface_area, indep_year, local_name, gov_form, capital, cap_long, cap_lat) VALUES ('MLT', 'Malta', 'Europe', 'Southern Europe', 316, 1964, 'Malta', 'Republic', 'Valletta', 14.5189, 35.9042);
INSERT INTO practice_05.countries (code, name, continent, region, surface_area, indep_year, local_name, gov_form, capital, cap_long, cap_lat) VALUES ('MAR', 'Morocco', 'Africa', 'Northern Africa', 446550, 1956, 'Al-Maghrib', 'Constitutional Monarchy', 'Rabat', -6.8704, 33.9905);
INSERT INTO practice_05.countries (code, name, continent, region, surface_area, indep_year, local_name, gov_form, capital, cap_long, cap_lat) VALUES ('MHL', 'Marshall Islands', 'Oceania', 'Micronesia', 181, 1990, 'Marshall Islands/Majol', 'Republic', 'Majuro', 171.135, 7.11046);
INSERT INTO practice_05.countries (code, name, continent, region, surface_area, indep_year, local_name, gov_form, capital, cap_long, cap_lat) VALUES ('MRT', 'Mauritania', 'Africa', 'Western Africa', 1025520, 1960, 'Muritaniya/Mauritanie', 'Republic', 'Nouakchott', -15.9824, 18.2367);
INSERT INTO practice_05.countries (code, name, continent, region, surface_area, indep_year, local_name, gov_form, capital, cap_long, cap_lat) VALUES ('MUS', 'Mauritius', 'Africa', 'Eastern Africa', 2040, 1968, 'Mauritius', 'Republic', 'Port Louis', 57.4977, -20.1605);
INSERT INTO practice_05.countries (code, name, continent, region, surface_area, indep_year, local_name, gov_form, capital, cap_long, cap_lat) VALUES ('MEX', 'Mexico', 'North America', 'Central America', 1958200, 1810, 'Mexico', 'Federal Republic', 'Mexico City', -99.1276, 19.427);
INSERT INTO practice_05.countries (code, name, continent, region, surface_area, indep_year, local_name, gov_form, capital, cap_long, cap_lat) VALUES ('FSM', 'Micronesia, Federated States of', 'Oceania', 'Micronesia', 702, 1990, 'Micronesia', 'Federal Republic', 'Palikir', 158.185, 6.91771);
INSERT INTO practice_05.countries (code, name, continent, region, surface_area, indep_year, local_name, gov_form, capital, cap_long, cap_lat) VALUES ('MDA', 'Moldova', 'Europe', 'Eastern Europe', 33851, 1991, 'Moldova', 'Republic', 'Chisinau', 28.8497, 47.0167);
INSERT INTO practice_05.countries (code, name, continent, region, surface_area, indep_year, local_name, gov_form, capital, cap_long, cap_lat) VALUES ('MCO', 'Monaco', 'Europe', 'Western Europe', 1.5, 1861, 'Monaco', 'Constitutional Monarchy', 'Monaco', 7.41891, 43.7325);
INSERT INTO practice_05.countries (code, name, continent, region, surface_area, indep_year, local_name, gov_form, capital, cap_long, cap_lat) VALUES ('MNG', 'Mongolia', 'Asia', 'Eastern Asia', 1566500, 1921, 'Mongol Uls', 'Republic', 'Ulaanbaatar', 106.937, 47.9129);
INSERT INTO practice_05.countries (code, name, continent, region, surface_area, indep_year, local_name, gov_form, capital, cap_long, cap_lat) VALUES ('MOZ', 'Mozambique', 'Africa', 'Eastern Africa', 801590, 1975, 'Mocambique', 'Republic', 'Maputo', 32.5713, -25.9664);
INSERT INTO practice_05.countries (code, name, continent, region, surface_area, indep_year, local_name, gov_form, capital, cap_long, cap_lat) VALUES ('MMR', 'Myanmar', 'Asia', 'Southeast Asia', 676578, 1948, 'Myanma Pye', 'Republic', 'Naypyidaw', 95.9562, 21.914);
INSERT INTO practice_05.countries (code, name, continent, region, surface_area, indep_year, local_name, gov_form, capital, cap_long, cap_lat) VALUES ('NAM', 'Namibia', 'Africa', 'Southern Africa', 824292, 1990, 'Namibia', 'Republic', 'Windhoek', 17.0931, -22.5648);
INSERT INTO practice_05.countries (code, name, continent, region, surface_area, indep_year, local_name, gov_form, capital, cap_long, cap_lat) VALUES ('NRU', 'Nauru', 'Oceania', 'Micronesia', 21, 1968, 'Naoero/Nauru', 'Republic', 'Yaren District', 166.92087, -0.5477);
INSERT INTO practice_05.countries (code, name, continent, region, surface_area, indep_year, local_name, gov_form, capital, cap_long, cap_lat) VALUES ('NPL', 'Nepal', 'Asia', 'Southern and Central Asia', 147181, 1769, 'Nepal', 'Constitutional Monarchy', 'Kathmandu', 85.3157, 27.6939);
INSERT INTO practice_05.countries (code, name, continent, region, surface_area, indep_year, local_name, gov_form, capital, cap_long, cap_lat) VALUES ('NIC', 'Nicaragua', 'North America', 'Central America', 130000, 1838, 'Nicaragua', 'Republic', 'Managua', -86.2734, 12.1475);
INSERT INTO practice_05.countries (code, name, continent, region, surface_area, indep_year, local_name, gov_form, capital, cap_long, cap_lat) VALUES ('NER', 'Niger', 'Africa', 'Western Africa', 1267000, 1960, 'Niger', 'Republic', 'Niamey', 2.1073, 13.514);
INSERT INTO practice_05.countries (code, name, continent, region, surface_area, indep_year, local_name, gov_form, capital, cap_long, cap_lat) VALUES ('NGA', 'Nigeria', 'Africa', 'Western Africa', 923768, 1960, 'Nigeria', 'Federal Republic', 'Abuja', 7.48906, 9.05804);
INSERT INTO practice_05.countries (code, name, continent, region, surface_area, indep_year, local_name, gov_form, capital, cap_long, cap_lat) VALUES ('NOR', 'Norway', 'Europe', 'Nordic Countries', 323877, 1905, 'Norge', 'Constitutional Monarchy', 'Oslo', 10.7387, 59.9138);
INSERT INTO practice_05.countries (code, name, continent, region, surface_area, indep_year, local_name, gov_form, capital, cap_long, cap_lat) VALUES ('CIV', 'Cote d''Ivoire', 'Africa', 'Western Africa', 322463, 1960, 'Cote dIvoire', 'Republic', 'Yamoussoukro', -4.0305, 5.332);
INSERT INTO practice_05.countries (code, name, continent, region, surface_area, indep_year, local_name, gov_form, capital, cap_long, cap_lat) VALUES ('OMN', 'Oman', 'Asia', 'Middle East', 309500, 1951, '´Uman', 'Monarchy (Sultanate)', 'Muscat', 58.5874, 23.6105);
INSERT INTO practice_05.countries (code, name, continent, region, surface_area, indep_year, local_name, gov_form, capital, cap_long, cap_lat) VALUES ('PAK', 'Pakistan', 'Asia', 'Southern and Central Asia', 796095, 1947, 'Pakistan', 'Republic', 'Islamabad', 72.8, 30.5167);
INSERT INTO practice_05.countries (code, name, continent, region, surface_area, indep_year, local_name, gov_form, capital, cap_long, cap_lat) VALUES ('PLW', 'Palau', 'Oceania', 'Micronesia', 459, 1994, 'Belau/Palau', 'Republic', 'Koror', 134.479, 7.34194);
INSERT INTO practice_05.countries (code, name, continent, region, surface_area, indep_year, local_name, gov_form, capital, cap_long, cap_lat) VALUES ('PAN', 'Panama', 'North America', 'Central America', 75517, 1903, 'Panama', 'Republic', 'Panama City', -79.5188, 8.99427);
INSERT INTO practice_05.countries (code, name, continent, region, surface_area, indep_year, local_name, gov_form, capital, cap_long, cap_lat) VALUES ('PNG', 'Papua New Guinea', 'Oceania', 'Melanesia', 462840, 1975, 'Papua New Guinea/Papua Niugini', 'Constitutional Monarchy', 'Port Moresby', 147.194, -9.47357);
INSERT INTO practice_05.countries (code, name, continent, region, surface_area, indep_year, local_name, gov_form, capital, cap_long, cap_lat) VALUES ('PRY', 'Paraguay', 'South America', 'South America', 406752, 1811, 'Paraguay', 'Republic', 'Asuncion', -57.6362, -25.3005);
INSERT INTO practice_05.countries (code, name, continent, region, surface_area, indep_year, local_name, gov_form, capital, cap_long, cap_lat) VALUES ('PER', 'Peru', 'South America', 'South America', 1285220, 1821, 'Peru/Piruw', 'Republic', 'Lima', -77.0465, -12.0931);
INSERT INTO practice_05.countries (code, name, continent, region, surface_area, indep_year, local_name, gov_form, capital, cap_long, cap_lat) VALUES ('MNP', 'Northern Mariana Islands', 'Oceania', 'Micronesia', 464, null, 'Northern Mariana Islands', 'Commonwealth of the US', 'Saipan', 145.765, 15.1935);
INSERT INTO practice_05.countries (code, name, continent, region, surface_area, indep_year, local_name, gov_form, capital, cap_long, cap_lat) VALUES ('PRT', 'Portugal', 'Europe', 'Southern Europe', 91982, 1143, 'Portugal', 'Republic', 'Lisbon', -9.13552, 38.7072);
INSERT INTO practice_05.countries (code, name, continent, region, surface_area, indep_year, local_name, gov_form, capital, cap_long, cap_lat) VALUES ('PRI', 'Puerto Rico', 'North America', 'Caribbean', 8875, null, 'Puerto Rico', 'Commonwealth of the US', 'San Juan', -66, 18.23);
INSERT INTO practice_05.countries (code, name, continent, region, surface_area, indep_year, local_name, gov_form, capital, cap_long, cap_lat) VALUES ('POL', 'Poland', 'Europe', 'Eastern Europe', 323250, 1918, 'Polska', 'Republic', 'Warsaw', 21.02, 52.26);
INSERT INTO practice_05.countries (code, name, continent, region, surface_area, indep_year, local_name, gov_form, capital, cap_long, cap_lat) VALUES ('GNQ', 'Equatorial Guinea', 'Africa', 'Central Africa', 28051, 1968, 'Guinea Ecuatorial', 'Republic', 'Malabo', 8.7741, 3.7523);
INSERT INTO practice_05.countries (code, name, continent, region, surface_area, indep_year, local_name, gov_form, capital, cap_long, cap_lat) VALUES ('QAT', 'Qatar', 'Asia', 'Middle East', 11000, 1971, 'Qatar', 'Monarchy', 'Doha', 51.5082, 25.2948);
INSERT INTO practice_05.countries (code, name, continent, region, surface_area, indep_year, local_name, gov_form, capital, cap_long, cap_lat) VALUES ('FRA', 'France', 'Europe', 'Western Europe', 551500, 843, 'France', 'Republic', 'Paris', 2.35097, 48.8566);
INSERT INTO practice_05.countries (code, name, continent, region, surface_area, indep_year, local_name, gov_form, capital, cap_long, cap_lat) VALUES ('PYF', 'French Polynesia', 'Oceania', 'Polynesia', 4000, null, 'Polynesie francaise', 'Nonmetropolitan Territory of France', 'Papeete', -149.57, -17.535);
INSERT INTO practice_05.countries (code, name, continent, region, surface_area, indep_year, local_name, gov_form, capital, cap_long, cap_lat) VALUES ('RWA', 'Rwanda', 'Africa', 'Eastern Africa', 26338, 1962, 'Rwanda/Urwanda', 'Republic', 'Kigali', 30.0587, -1.95325);
INSERT INTO practice_05.countries (code, name, continent, region, surface_area, indep_year, local_name, gov_form, capital, cap_long, cap_lat) VALUES ('SWE', 'Sweden', 'Europe', 'Nordic Countries', 449964, 836, 'Sverige', 'Constitutional Monarchy', 'Stockholm', 18.0645, 59.3327);
INSERT INTO practice_05.countries (code, name, continent, region, surface_area, indep_year, local_name, gov_form, capital, cap_long, cap_lat) VALUES ('KNA', 'Saint Kitts and Nevis', 'North America', 'Caribbean', 261, 1983, 'Saint Kitts and Nevis', 'Constitutional Monarchy', 'Basseterre', -62.7309, 17.3);
INSERT INTO practice_05.countries (code, name, continent, region, surface_area, indep_year, local_name, gov_form, capital, cap_long, cap_lat) VALUES ('LCA', 'Saint Lucia', 'North America', 'Caribbean', 622, 1979, 'Saint Lucia', 'Constitutional Monarchy', 'Castries', -60.9832, 14);
INSERT INTO practice_05.countries (code, name, continent, region, surface_area, indep_year, local_name, gov_form, capital, cap_long, cap_lat) VALUES ('VCT', 'Saint Vincent and the Grenadines', 'North America', 'Caribbean', 388, 1979, 'Saint Vincent and the Grenadines', 'Constitutional Monarchy', 'Kingstown', -61.2653, 13.2035);
INSERT INTO practice_05.countries (code, name, continent, region, surface_area, indep_year, local_name, gov_form, capital, cap_long, cap_lat) VALUES ('DEU', 'Germany', 'Europe', 'Western Europe', 357022, 1955, 'Deutschland', 'Federal Republic', 'Berlin', 13.4115, 52.5235);
INSERT INTO practice_05.countries (code, name, continent, region, surface_area, indep_year, local_name, gov_form, capital, cap_long, cap_lat) VALUES ('SLB', 'Solomon Islands', 'Oceania', 'Melanesia', 28896, 1978, 'Solomon Islands', 'Constitutional Monarchy', 'Honiara', 159.949, -9.42676);
INSERT INTO practice_05.countries (code, name, continent, region, surface_area, indep_year, local_name, gov_form, capital, cap_long, cap_lat) VALUES ('ZMB', 'Zambia', 'Africa', 'Eastern Africa', 752618, 1964, 'Zambia', 'Republic', 'Lusaka', 28.2937, -15.3982);
INSERT INTO practice_05.countries (code, name, continent, region, surface_area, indep_year, local_name, gov_form, capital, cap_long, cap_lat) VALUES ('WSM', 'Samoa', 'Oceania', 'Polynesia', 2831, 1962, 'Samoa', 'Parlementary Monarchy', 'Apia', -171.752, -13.8314);
INSERT INTO practice_05.countries (code, name, continent, region, surface_area, indep_year, local_name, gov_form, capital, cap_long, cap_lat) VALUES ('SMR', 'San Marino', 'Europe', 'Southern Europe', 61, 885, 'San Marino', 'Republic', 'San Marino', 12.4486, 43.9322);
INSERT INTO practice_05.countries (code, name, continent, region, surface_area, indep_year, local_name, gov_form, capital, cap_long, cap_lat) VALUES ('STP', 'Sao Tome and Principe', 'Africa', 'Central Africa', 964, 1975, 'Sao Tome e Principe', 'Republic', 'Sao Tome', 6.6071, 0.20618);
INSERT INTO practice_05.countries (code, name, continent, region, surface_area, indep_year, local_name, gov_form, capital, cap_long, cap_lat) VALUES ('SAU', 'Saudi Arabia', 'Asia', 'Middle East', 2149690, 1932, 'Al-´Arabiya as-Sa´udiya', 'Monarchy', 'Riyadh', 46.6977, 24.6748);
INSERT INTO practice_05.countries (code, name, continent, region, surface_area, indep_year, local_name, gov_form, capital, cap_long, cap_lat) VALUES ('SEN', 'Senegal', 'Africa', 'Western Africa', 196722, 1960, 'Senegal/Sounougal', 'Republic', 'Dakar', -17.4734, 14.7247);
INSERT INTO practice_05.countries (code, name, continent, region, surface_area, indep_year, local_name, gov_form, capital, cap_long, cap_lat) VALUES ('SYC', 'Seychelles', 'Africa', 'Eastern Africa', 455, 1976, 'Sesel/Seychelles', 'Republic', 'Victoria', 55.4466, -4.6309);
INSERT INTO practice_05.countries (code, name, continent, region, surface_area, indep_year, local_name, gov_form, capital, cap_long, cap_lat) VALUES ('SLE', 'Sierra Leone', 'Africa', 'Western Africa', 71740, 1961, 'Sierra Leone', 'Republic', 'Freetown', -13.2134, 8.4821);
INSERT INTO practice_05.countries (code, name, continent, region, surface_area, indep_year, local_name, gov_form, capital, cap_long, cap_lat) VALUES ('SGP', 'Singapore', 'Asia', 'Southeast Asia', 618, 1965, 'Singapore/Singapura/Xinjiapo/Singapur', 'Republic', 'Singapore', 103.85, 1.28941);
INSERT INTO practice_05.countries (code, name, continent, region, surface_area, indep_year, local_name, gov_form, capital, cap_long, cap_lat) VALUES ('SVK', 'Slovakia', 'Europe', 'Eastern Europe', 49012, 1993, 'Slovensko', 'Republic', 'Bratislava', 17.1073, 48.1484);
INSERT INTO practice_05.countries (code, name, continent, region, surface_area, indep_year, local_name, gov_form, capital, cap_long, cap_lat) VALUES ('SVN', 'Slovenia', 'Europe', 'Southern Europe', 20256, 1991, 'Slovenija', 'Republic', 'Ljubljana', 14.5044, 46.0546);
INSERT INTO practice_05.countries (code, name, continent, region, surface_area, indep_year, local_name, gov_form, capital, cap_long, cap_lat) VALUES ('SOM', 'Somalia', 'Africa', 'Eastern Africa', 637657, 1960, 'Soomaaliya', 'Republic', 'Mogadishu', 45.3254, 2.07515);
INSERT INTO practice_05.countries (code, name, continent, region, surface_area, indep_year, local_name, gov_form, capital, cap_long, cap_lat) VALUES ('LKA', 'Sri Lanka', 'Asia', 'Southern and Central Asia', 65610, 1948, 'Sri Lanka/Ilankai', 'Republic', 'Colombo', 79.8528, 6.92148);
INSERT INTO practice_05.countries (code, name, continent, region, surface_area, indep_year, local_name, gov_form, capital, cap_long, cap_lat) VALUES ('SDN', 'Sudan', 'Africa', 'Northern Africa', 2505810, 1956, 'As-Sudan', 'Islamic Republic', 'Khartoum', 32.5363, 15.5932);
INSERT INTO practice_05.countries (code, name, continent, region, surface_area, indep_year, local_name, gov_form, capital, cap_long, cap_lat) VALUES ('FIN', 'Finland', 'Europe', 'Nordic Countries', 338145, 1917, 'Suomi', 'Republic', 'Helsinki', 24.9525, 60.1608);
INSERT INTO practice_05.countries (code, name, continent, region, surface_area, indep_year, local_name, gov_form, capital, cap_long, cap_lat) VALUES ('SUR', 'Suriname', 'South America', 'South America', 163265, 1975, 'Suriname', 'Republic', 'Paramaribo', -55.1679, 5.8232);
INSERT INTO practice_05.countries (code, name, continent, region, surface_area, indep_year, local_name, gov_form, capital, cap_long, cap_lat) VALUES ('SWZ', 'Swaziland', 'Africa', 'Southern Africa', 17364, 1968, 'kaNgwane', 'Monarchy', 'Mbabane', 31.4659, -26.5225);
INSERT INTO practice_05.countries (code, name, continent, region, surface_area, indep_year, local_name, gov_form, capital, cap_long, cap_lat) VALUES ('CHE', 'Switzerland', 'Europe', 'Western Europe', 41284, 1499, 'Schweiz/Suisse/Svizzera/Svizra', 'Federation', 'Bern', 7.44821, 46.948);
INSERT INTO practice_05.countries (code, name, continent, region, surface_area, indep_year, local_name, gov_form, capital, cap_long, cap_lat) VALUES ('SYR', 'Syria', 'Asia', 'Middle East', 185180, 1941, 'Suriya', 'Republic', 'Damascus', 36.3119, 33.5146);
INSERT INTO practice_05.countries (code, name, continent, region, surface_area, indep_year, local_name, gov_form, capital, cap_long, cap_lat) VALUES ('TJK', 'Tajikistan', 'Asia', 'Southern and Central Asia', 143100, 1991, 'Tocikiston', 'Republic', 'Dushanbe', 68.7864, 38.5878);
INSERT INTO practice_05.countries (code, name, continent, region, surface_area, indep_year, local_name, gov_form, capital, cap_long, cap_lat) VALUES ('TZA', 'Tanzania', 'Africa', 'Eastern Africa', 883749, 1961, 'Tanzania', 'Republic', 'Dodoma', 35.7382, -6.17486);
INSERT INTO practice_05.countries (code, name, continent, region, surface_area, indep_year, local_name, gov_form, capital, cap_long, cap_lat) VALUES ('DNK', 'Denmark', 'Europe', 'Nordic Countries', 43094, 800, 'Danmark', 'Constitutional Monarchy', 'Copenhagen', 12.5681, 55.6763);
INSERT INTO practice_05.countries (code, name, continent, region, surface_area, indep_year, local_name, gov_form, capital, cap_long, cap_lat) VALUES ('THA', 'Thailand', 'Asia', 'Southeast Asia', 513115, 1350, 'Prathet Thai', 'Constitutional Monarchy', 'Bangkok', 100.521, 13.7308);
INSERT INTO practice_05.countries (code, name, continent, region, surface_area, indep_year, local_name, gov_form, capital, cap_long, cap_lat) VALUES ('TGO', 'Togo', 'Africa', 'Western Africa', 56785, 1960, 'Togo', 'Republic', 'Lome', 1.2255, 6.1228);
INSERT INTO practice_05.countries (code, name, continent, region, surface_area, indep_year, local_name, gov_form, capital, cap_long, cap_lat) VALUES ('TON', 'Tonga', 'Oceania', 'Polynesia', 650, 1970, 'Tonga', 'Monarchy', 'Nuku''alofa', -175.216, -21.136);
INSERT INTO practice_05.countries (code, name, continent, region, surface_area, indep_year, local_name, gov_form, capital, cap_long, cap_lat) VALUES ('TTO', 'Trinidad and Tobago', 'North America', 'Caribbean', 5130, 1962, 'Trinidad and Tobago', 'Republic', 'Port-of-Spain', -61.4789, 10.6596);
INSERT INTO practice_05.countries (code, name, continent, region, surface_area, indep_year, local_name, gov_form, capital, cap_long, cap_lat) VALUES ('TCD', 'Chad', 'Africa', 'Central Africa', 1284000, 1960, 'Tchad/Tshad', 'Republic', 'N''Djamena', 15.0445, 12.1048);
INSERT INTO practice_05.countries (code, name, continent, region, surface_area, indep_year, local_name, gov_form, capital, cap_long, cap_lat) VALUES ('CZE', 'Czech Republic', 'Europe', 'Eastern Europe', 78866, 1993, '¸esko', 'Republic', 'Prague', 14.4205, 50.0878);
INSERT INTO practice_05.countries (code, name, continent, region, surface_area, indep_year, local_name, gov_form, capital, cap_long, cap_lat) VALUES ('TUN', 'Tunisia', 'Africa', 'Northern Africa', 163610, 1956, 'Tunis/Tunisie', 'Republic', 'Tunis', 10.21, 36.7899);
INSERT INTO practice_05.countries (code, name, continent, region, surface_area, indep_year, local_name, gov_form, capital, cap_long, cap_lat) VALUES ('TUR', 'Turkey', 'Asia', 'Middle East', 774815, 1923, 'Turkiye', 'Republic', 'Ankara', 32.3606, 39.7153);
INSERT INTO practice_05.countries (code, name, continent, region, surface_area, indep_year, local_name, gov_form, capital, cap_long, cap_lat) VALUES ('TKM', 'Turkmenistan', 'Asia', 'Southern and Central Asia', 488100, 1991, 'Turkmenostan', 'Republic', 'Ashgabat', 58.3794, 37.9509);
INSERT INTO practice_05.countries (code, name, continent, region, surface_area, indep_year, local_name, gov_form, capital, cap_long, cap_lat) VALUES ('TCA', 'Turks and Caicos Islands', 'North America', 'Caribbean', 430, null, 'The Turks and Caicos Islands', 'Dependent Territory of the UK', 'Grand Turk', -71.14139, 21.460278);
INSERT INTO practice_05.countries (code, name, continent, region, surface_area, indep_year, local_name, gov_form, capital, cap_long, cap_lat) VALUES ('TUV', 'Tuvalu', 'Oceania', 'Polynesia', 26, 1978, 'Tuvalu', 'Constitutional Monarchy', 'Funafuti', 179.08957, -8.631488);
INSERT INTO practice_05.countries (code, name, continent, region, surface_area, indep_year, local_name, gov_form, capital, cap_long, cap_lat) VALUES ('UGA', 'Uganda', 'Africa', 'Eastern Africa', 241038, 1962, 'Uganda', 'Republic', 'Kampala', 32.5729, 0.314269);
INSERT INTO practice_05.countries (code, name, continent, region, surface_area, indep_year, local_name, gov_form, capital, cap_long, cap_lat) VALUES ('UKR', 'Ukraine', 'Europe', 'Eastern Europe', 603700, 1991, 'Ukrajina', 'Republic', 'Kiev', 30.5038, 50.4536);
INSERT INTO practice_05.countries (code, name, continent, region, surface_area, indep_year, local_name, gov_form, capital, cap_long, cap_lat) VALUES ('HUN', 'Hungary', 'Europe', 'Eastern Europe', 93030, 1918, 'Magyarorszag', 'Republic', 'Budapest', 19.0408, 47.4984);
INSERT INTO practice_05.countries (code, name, continent, region, surface_area, indep_year, local_name, gov_form, capital, cap_long, cap_lat) VALUES ('URY', 'Uruguay', 'South America', 'South America', 175016, 1828, 'Uruguay', 'Republic', 'Montevideo', -56.0675, -34.8941);
INSERT INTO practice_05.countries (code, name, continent, region, surface_area, indep_year, local_name, gov_form, capital, cap_long, cap_lat) VALUES ('NCL', 'New Caledonia', 'Oceania', 'Melanesia', 18575, null, 'Nouvelle-Caledonie', 'Nonmetropolitan Territory of France', 'Noum''ea', 166.464, -22.2677);
INSERT INTO practice_05.countries (code, name, continent, region, surface_area, indep_year, local_name, gov_form, capital, cap_long, cap_lat) VALUES ('NZL', 'New Zealand', 'Oceania', 'Australia and New Zealand', 270534, 1907, 'New Zealand/Aotearoa', 'Constitutional Monarchy', 'Wellington', 174.776, -41.2865);
INSERT INTO practice_05.countries (code, name, continent, region, surface_area, indep_year, local_name, gov_form, capital, cap_long, cap_lat) VALUES ('UZB', 'Uzbekistan', 'Asia', 'Southern and Central Asia', 447400, 1991, 'Uzbekiston', 'Republic', 'Tashkent', 69.269, 41.3052);
INSERT INTO practice_05.countries (code, name, continent, region, surface_area, indep_year, local_name, gov_form, capital, cap_long, cap_lat) VALUES ('BLR', 'Belarus', 'Europe', 'Eastern Europe', 207600, 1991, 'Belarus', 'Republic', 'Minsk', 27.5766, 53.9678);
INSERT INTO practice_05.countries (code, name, continent, region, surface_area, indep_year, local_name, gov_form, capital, cap_long, cap_lat) VALUES ('VUT', 'Vanuatu', 'Oceania', 'Melanesia', 12189, 1980, 'Vanuatu', 'Republic', 'Port-Vila', 168.321, -17.7404);
INSERT INTO practice_05.countries (code, name, continent, region, surface_area, indep_year, local_name, gov_form, capital, cap_long, cap_lat) VALUES ('VEN', 'Venezuela', 'South America', 'South America', 912050, 1811, 'Venezuela', 'Federal Republic', 'Caracas', -69.8371, 9.08165);
INSERT INTO practice_05.countries (code, name, continent, region, surface_area, indep_year, local_name, gov_form, capital, cap_long, cap_lat) VALUES ('RUS', 'Russian Federation', 'Europe', 'Eastern Europe', 17075400, 1991, 'Rossija', 'Federal Republic', 'Moscow', 37.6176, 55.7558);
INSERT INTO practice_05.countries (code, name, continent, region, surface_area, indep_year, local_name, gov_form, capital, cap_long, cap_lat) VALUES ('VNM', 'Vietnam', 'Asia', 'Southeast Asia', 331689, 1945, 'Viet Nam', 'Socialistic Republic', 'Hanoi', 105.825, 21.0069);
INSERT INTO practice_05.countries (code, name, continent, region, surface_area, indep_year, local_name, gov_form, capital, cap_long, cap_lat) VALUES ('EST', 'Estonia', 'Europe', 'Baltic Countries', 45227, 1991, 'Eesti', 'Republic', 'Tallinn', 24.7586, 59.4392);
INSERT INTO practice_05.countries (code, name, continent, region, surface_area, indep_year, local_name, gov_form, capital, cap_long, cap_lat) VALUES ('USA', 'United States', 'North America', 'North America', 9363520, 1776, 'United States', 'Federal Republic', 'Washington D.C.', -77.032, 38.8895);
INSERT INTO practice_05.countries (code, name, continent, region, surface_area, indep_year, local_name, gov_form, capital, cap_long, cap_lat) VALUES ('VIR', 'Virgin Islands, U.S.', 'North America', 'Caribbean', 347, null, 'Virgin Islands of the United States', 'US Territory', 'Charlotte Amalie', -64.8963, 18.3358);
INSERT INTO practice_05.countries (code, name, continent, region, surface_area, indep_year, local_name, gov_form, capital, cap_long, cap_lat) VALUES ('ZWE', 'Zimbabwe', 'Africa', 'Eastern Africa', 390757, 1980, 'Zimbabwe', 'Republic', 'Harare', 31.0672, -17.8312);
INSERT INTO practice_05.countries (code, name, continent, region, surface_area, indep_year, local_name, gov_form, capital, cap_long, cap_lat) VALUES ('PSE', 'Palestine', 'Asia', 'Middle East', 6257, null, 'Filastin', 'Autonomous Area', null, null, null);
INSERT INTO practice_05.countries (code, name, continent, region, surface_area, indep_year, local_name, gov_form, capital, cap_long, cap_lat) VALUES ('ROM', 'Romania', 'Europe', 'Eastern Europe', 238397.0, 1877, 'România', 'Republic', 'Bucharest', 26.1063, 44.4268);

INSERT INTO practice_05.countries (code, name, continent, region, surface_area, indep_year, local_name, gov_form, capital, cap_long, cap_lat)
VALUES
('MSR', 'Montserrat', 'North America', 'Caribbean', 102.0, 1983, 'Montserrat', 'British Overseas Territory', 'Plymouth', -62.2167, 16.7000),
('HKG', 'Hong Kong', 'Asia', 'Eastern Asia', 1104.0, NULL, 'Hong Kong', 'Special Administrative Region of China', 'Hong Kong', 114.1667, 22.2500),
('CCK', 'Cocos (Keeling) Islands', 'Oceania', 'Australia and New Zealand', 14.0, NULL, 'Cocos Islands', 'Australian External Territory', 'West Island', 96.8333, -12.1667),
('SPM', 'Saint Pierre and Miquelon', 'North America', 'North America', 242.0, 1985, 'Saint-Pierre-et-Miquelon', 'Overseas Collectivity of France', 'Saint-Pierre', -56.1833, 46.7667);

-- adding entries to the languages table
INSERT INTO practice_05.languages (id, code, name, percent, official) VALUES (1, 'AFG', 'Dari', 50, true);
INSERT INTO practice_05.languages (id, code, name, percent, official) VALUES (2, 'AFG', 'Pashto', 35, true);
INSERT INTO practice_05.languages (id, code, name, percent, official) VALUES (3, 'AFG', 'Turkic', 11, false);
INSERT INTO practice_05.languages (id, code, name, percent, official) VALUES (4, 'AFG', 'Other', 4, false);
INSERT INTO practice_05.languages (id, code, name, percent, official) VALUES (5, 'ALB', 'Albanian', 98.8, true);
INSERT INTO practice_05.languages (id, code, name, percent, official) VALUES (6, 'ALB', 'Greek', 0.5, false);
INSERT INTO practice_05.languages (id, code, name, percent, official) VALUES (7, 'ALB', 'Other', 0.6, false);
INSERT INTO practice_05.languages (id, code, name, percent, official) VALUES (8, 'ALB', 'unspecified', 0.1, false);
INSERT INTO practice_05.languages (id, code, name, percent, official) VALUES (9, 'DZA', 'Arabic', null, true);
INSERT INTO practice_05.languages (id, code, name, percent, official) VALUES (10, 'DZA', 'French', null, false);
INSERT INTO practice_05.languages (id, code, name, percent, official) VALUES (11, 'DZA', 'Berber or Tamazight', null, true);
INSERT INTO practice_05.languages (id, code, name, percent, official) VALUES (12, 'DZA', 'Shawiya', null, false);
INSERT INTO practice_05.languages (id, code, name, percent, official) VALUES (13, 'DZA', 'Mzab', null, false);
INSERT INTO practice_05.languages (id, code, name, percent, official) VALUES (14, 'DZA', 'Tuareg', null, false);
INSERT INTO practice_05.languages (id, code, name, percent, official) VALUES (15, 'ASM', 'Samoan', 88.6, false);
INSERT INTO practice_05.languages (id, code, name, percent, official) VALUES (16, 'ASM', 'English', 3.9, false);
INSERT INTO practice_05.languages (id, code, name, percent, official) VALUES (17, 'ASM', 'Tongan', 2.7, false);
INSERT INTO practice_05.languages (id, code, name, percent, official) VALUES (18, 'ASM', 'Other', 3, false);
INSERT INTO practice_05.languages (id, code, name, percent, official) VALUES (19, 'ASM', 'Other', 1.8, false);
INSERT INTO practice_05.languages (id, code, name, percent, official) VALUES (20, 'AND', 'Catalan', null, true);
INSERT INTO practice_05.languages (id, code, name, percent, official) VALUES (21, 'AND', 'French', null, false);
INSERT INTO practice_05.languages (id, code, name, percent, official) VALUES (22, 'AND', 'Castilian', null, false);
INSERT INTO practice_05.languages (id, code, name, percent, official) VALUES (23, 'AND', 'Portuguese', null, false);
INSERT INTO practice_05.languages (id, code, name, percent, official) VALUES (24, 'AGO', 'Portuguese', 71.2, true);
INSERT INTO practice_05.languages (id, code, name, percent, official) VALUES (25, 'AGO', 'Umbundu', 23, false);
INSERT INTO practice_05.languages (id, code, name, percent, official) VALUES (26, 'AGO', 'Kikongo', 8.2, false);
INSERT INTO practice_05.languages (id, code, name, percent, official) VALUES (27, 'AGO', 'Kimbundu', 7.8, false);
INSERT INTO practice_05.languages (id, code, name, percent, official) VALUES (28, 'AGO', 'Chokwe', 6.5, false);
INSERT INTO practice_05.languages (id, code, name, percent, official) VALUES (29, 'AGO', 'Nhaneca', 3.4, false);
INSERT INTO practice_05.languages (id, code, name, percent, official) VALUES (30, 'AGO', 'Nganguela', 3.1, false);
INSERT INTO practice_05.languages (id, code, name, percent, official) VALUES (31, 'AGO', 'Fiote', 2.4, false);
INSERT INTO practice_05.languages (id, code, name, percent, official) VALUES (32, 'AGO', 'Kwanhama', 2.3, false);
INSERT INTO practice_05.languages (id, code, name, percent, official) VALUES (33, 'AGO', 'Muhumbi', 2.1, false);
INSERT INTO practice_05.languages (id, code, name, percent, official) VALUES (34, 'AGO', 'Luvale', 1, false);
INSERT INTO practice_05.languages (id, code, name, percent, official) VALUES (35, 'AGO', 'Other', 3.6, false);
INSERT INTO practice_05.languages (id, code, name, percent, official) VALUES (36, 'AIA', 'English', null, true);
INSERT INTO practice_05.languages (id, code, name, percent, official) VALUES (37, 'ATG', 'English', null, true);
INSERT INTO practice_05.languages (id, code, name, percent, official) VALUES (38, 'ATG', 'Antiguan creole', null, false);
INSERT INTO practice_05.languages (id, code, name, percent, official) VALUES (39, 'ARG', 'Spanish', null, true);
INSERT INTO practice_05.languages (id, code, name, percent, official) VALUES (40, 'ARG', 'Italian', null, false);
INSERT INTO practice_05.languages (id, code, name, percent, official) VALUES (41, 'ARG', 'English', null, false);
INSERT INTO practice_05.languages (id, code, name, percent, official) VALUES (42, 'ARG', 'German', null, false);
INSERT INTO practice_05.languages (id, code, name, percent, official) VALUES (43, 'ARG', 'French', null, false);
INSERT INTO practice_05.languages (id, code, name, percent, official) VALUES (44, 'ARG', 'indigenous', null, false);
INSERT INTO practice_05.languages (id, code, name, percent, official) VALUES (45, 'ARM', 'Armenian', 97.9, true);
INSERT INTO practice_05.languages (id, code, name, percent, official) VALUES (46, 'ARM', 'Kurdish', 1, false);
INSERT INTO practice_05.languages (id, code, name, percent, official) VALUES (47, 'ARM', 'Other', 1, false);
INSERT INTO practice_05.languages (id, code, name, percent, official) VALUES (48, 'ABW', 'Papiamento', 69.4, true);
INSERT INTO practice_05.languages (id, code, name, percent, official) VALUES (49, 'ABW', 'Spanish', 13.7, false);
INSERT INTO practice_05.languages (id, code, name, percent, official) VALUES (50, 'ABW', 'English', 7.1, false);
INSERT INTO practice_05.languages (id, code, name, percent, official) VALUES (51, 'ABW', 'Dutch', 6.1, true);
INSERT INTO practice_05.languages (id, code, name, percent, official) VALUES (52, 'ABW', 'Chinese', 1.5, false);
INSERT INTO practice_05.languages (id, code, name, percent, official) VALUES (53, 'ABW', 'Other', 1.7, false);
INSERT INTO practice_05.languages (id, code, name, percent, official) VALUES (54, 'ABW', 'unspecified', 0.4, false);
INSERT INTO practice_05.languages (id, code, name, percent, official) VALUES (55, 'AUS', 'English', 76.8, false);
INSERT INTO practice_05.languages (id, code, name, percent, official) VALUES (56, 'AUS', 'Mandarin', 1.6, false);
INSERT INTO practice_05.languages (id, code, name, percent, official) VALUES (57, 'AUS', 'Italian', 1.4, false);
INSERT INTO practice_05.languages (id, code, name, percent, official) VALUES (58, 'AUS', 'Arabic', 1.3, false);
INSERT INTO practice_05.languages (id, code, name, percent, official) VALUES (59, 'AUS', 'Greek', 1.2, false);
INSERT INTO practice_05.languages (id, code, name, percent, official) VALUES (60, 'AUS', 'Cantonese', 1.2, false);
INSERT INTO practice_05.languages (id, code, name, percent, official) VALUES (61, 'AUS', 'Vietnamese', 1.1, false);
INSERT INTO practice_05.languages (id, code, name, percent, official) VALUES (62, 'AUS', 'Other', 10.4, false);
INSERT INTO practice_05.languages (id, code, name, percent, official) VALUES (63, 'AUS', 'unspecified', 5, false);
INSERT INTO practice_05.languages (id, code, name, percent, official) VALUES (64, 'AUT', 'German', 88.6, true);
INSERT INTO practice_05.languages (id, code, name, percent, official) VALUES (65, 'AUT', 'Turkish', 2.3, false);
INSERT INTO practice_05.languages (id, code, name, percent, official) VALUES (66, 'AUT', 'Serbian', 2.2, false);
INSERT INTO practice_05.languages (id, code, name, percent, official) VALUES (67, 'AUT', 'Croatian', 1.6, true);
INSERT INTO practice_05.languages (id, code, name, percent, official) VALUES (68, 'AUT', 'Other', 5.3, false);
INSERT INTO practice_05.languages (id, code, name, percent, official) VALUES (69, 'AZE', 'Azerbaijani', 92.5, true);
INSERT INTO practice_05.languages (id, code, name, percent, official) VALUES (70, 'AZE', 'Russian', 1.4, false);
INSERT INTO practice_05.languages (id, code, name, percent, official) VALUES (71, 'AZE', 'Armenian', 1.4, false);
INSERT INTO practice_05.languages (id, code, name, percent, official) VALUES (72, 'AZE', 'Other', 4.7, false);
INSERT INTO practice_05.languages (id, code, name, percent, official) VALUES (73, 'BHS', 'English', null, true);
INSERT INTO practice_05.languages (id, code, name, percent, official) VALUES (74, 'BHS', 'Creole', null, false);
INSERT INTO practice_05.languages (id, code, name, percent, official) VALUES (75, 'BHR', 'Arabic', null, true);
INSERT INTO practice_05.languages (id, code, name, percent, official) VALUES (76, 'BHR', 'English', null, false);
INSERT INTO practice_05.languages (id, code, name, percent, official) VALUES (77, 'BHR', 'Farsi', null, false);
INSERT INTO practice_05.languages (id, code, name, percent, official) VALUES (78, 'BHR', 'Urdu', null, false);
INSERT INTO practice_05.languages (id, code, name, percent, official) VALUES (79, 'BGD', 'Bangla', 98.8, true);
INSERT INTO practice_05.languages (id, code, name, percent, official) VALUES (80, 'BGD', 'Other', 1.2, false);
INSERT INTO practice_05.languages (id, code, name, percent, official) VALUES (81, 'BRB', 'English', null, true);
INSERT INTO practice_05.languages (id, code, name, percent, official) VALUES (82, 'BRB', 'Bajan', null, false);
INSERT INTO practice_05.languages (id, code, name, percent, official) VALUES (83, 'BLR', 'Russian', 70.2, true);
INSERT INTO practice_05.languages (id, code, name, percent, official) VALUES (84, 'BLR', 'Belarusian', 23.4, true);
INSERT INTO practice_05.languages (id, code, name, percent, official) VALUES (85, 'BLR', 'Other', 3.1, false);
INSERT INTO practice_05.languages (id, code, name, percent, official) VALUES (86, 'BLR', 'unspecified', 3.3, false);
INSERT INTO practice_05.languages (id, code, name, percent, official) VALUES (87, 'BEL', 'Dutch', 60, true);
INSERT INTO practice_05.languages (id, code, name, percent, official) VALUES (88, 'BEL', 'French', 40, true);
INSERT INTO practice_05.languages (id, code, name, percent, official) VALUES (89, 'BEL', 'German', 1, true);
INSERT INTO practice_05.languages (id, code, name, percent, official) VALUES (90, 'BLZ', 'English', 62.9, true);
INSERT INTO practice_05.languages (id, code, name, percent, official) VALUES (91, 'BLZ', 'Spanish', 56.6, false);
INSERT INTO practice_05.languages (id, code, name, percent, official) VALUES (92, 'BLZ', 'Creole', 44.6, false);
INSERT INTO practice_05.languages (id, code, name, percent, official) VALUES (93, 'BLZ', 'Maya', 10.5, false);
INSERT INTO practice_05.languages (id, code, name, percent, official) VALUES (94, 'BLZ', 'German', 3.2, false);
INSERT INTO practice_05.languages (id, code, name, percent, official) VALUES (95, 'BLZ', 'Garifuna', 2.9, false);
INSERT INTO practice_05.languages (id, code, name, percent, official) VALUES (96, 'BLZ', 'Other', 1.8, false);
INSERT INTO practice_05.languages (id, code, name, percent, official) VALUES (97, 'BLZ', 'unknown', 0.3, false);
INSERT INTO practice_05.languages (id, code, name, percent, official) VALUES (98, 'BLZ', 'none', 0.2, false);
INSERT INTO practice_05.languages (id, code, name, percent, official) VALUES (99, 'BEN', 'French', null, true);
INSERT INTO practice_05.languages (id, code, name, percent, official) VALUES (100, 'BEN', 'Fon and Yoruba', null, false);
INSERT INTO practice_05.languages (id, code, name, percent, official) VALUES (101, 'BEN', 'Tribal Languages', null, false);
INSERT INTO practice_05.languages (id, code, name, percent, official) VALUES (102, 'BMU', 'English', null, true);
INSERT INTO practice_05.languages (id, code, name, percent, official) VALUES (103, 'BMU', 'Portuguese', null, false);
INSERT INTO practice_05.languages (id, code, name, percent, official) VALUES (104, 'BTN', 'Sharchhopka', 28, false);
INSERT INTO practice_05.languages (id, code, name, percent, official) VALUES (105, 'BTN', 'Dzongkha', 24, true);
INSERT INTO practice_05.languages (id, code, name, percent, official) VALUES (106, 'BTN', 'Lhotshamkha', 22, false);
INSERT INTO practice_05.languages (id, code, name, percent, official) VALUES (107, 'BTN', 'Other', 26, false);
INSERT INTO practice_05.languages (id, code, name, percent, official) VALUES (108, 'BOL', 'Spanish', 60.7, true);
INSERT INTO practice_05.languages (id, code, name, percent, official) VALUES (109, 'BOL', 'Quechua', 21.2, true);
INSERT INTO practice_05.languages (id, code, name, percent, official) VALUES (110, 'BOL', 'Aymara', 14.6, true);
INSERT INTO practice_05.languages (id, code, name, percent, official) VALUES (111, 'BOL', 'Foreign Languages', 2.4, false);
INSERT INTO practice_05.languages (id, code, name, percent, official) VALUES (112, 'BOL', 'Guarani', 0.6, true);
INSERT INTO practice_05.languages (id, code, name, percent, official) VALUES (113, 'BOL', 'Other', 0.4, false);
INSERT INTO practice_05.languages (id, code, name, percent, official) VALUES (114, 'BOL', 'none', 0.1, false);
INSERT INTO practice_05.languages (id, code, name, percent, official) VALUES (115, 'BIH', 'Bosnian', 52.9, true);
INSERT INTO practice_05.languages (id, code, name, percent, official) VALUES (116, 'BIH', 'Serbian', 30.8, true);
INSERT INTO practice_05.languages (id, code, name, percent, official) VALUES (117, 'BIH', 'Croatian', 14.6, true);
INSERT INTO practice_05.languages (id, code, name, percent, official) VALUES (118, 'BIH', 'Other', 1.6, false);
INSERT INTO practice_05.languages (id, code, name, percent, official) VALUES (119, 'BIH', 'No Answer', 0.2, false);
INSERT INTO practice_05.languages (id, code, name, percent, official) VALUES (120, 'BWA', 'Setswana', 77.3, false);
INSERT INTO practice_05.languages (id, code, name, percent, official) VALUES (121, 'BWA', 'Sekalanga', 7.4, false);
INSERT INTO practice_05.languages (id, code, name, percent, official) VALUES (122, 'BWA', 'Shekgalagadi', 3.4, false);
INSERT INTO practice_05.languages (id, code, name, percent, official) VALUES (123, 'BWA', 'English', 2.8, true);
INSERT INTO practice_05.languages (id, code, name, percent, official) VALUES (124, 'BWA', 'Zezuru', 2, false);
INSERT INTO practice_05.languages (id, code, name, percent, official) VALUES (125, 'BWA', 'Sesarwa', 1.7, false);
INSERT INTO practice_05.languages (id, code, name, percent, official) VALUES (126, 'BWA', 'Sembukushu', 1.6, false);
INSERT INTO practice_05.languages (id, code, name, percent, official) VALUES (127, 'BWA', 'Ndebele', 1, false);
INSERT INTO practice_05.languages (id, code, name, percent, official) VALUES (128, 'BWA', 'Other', 2.8, false);
INSERT INTO practice_05.languages (id, code, name, percent, official) VALUES (129, 'BRA', 'Portuguese', null, true);
INSERT INTO practice_05.languages (id, code, name, percent, official) VALUES (130, 'BRN', 'Malay', null, true);
INSERT INTO practice_05.languages (id, code, name, percent, official) VALUES (131, 'BRN', 'English', null, false);
INSERT INTO practice_05.languages (id, code, name, percent, official) VALUES (132, 'BRN', 'Chinese', null, false);
INSERT INTO practice_05.languages (id, code, name, percent, official) VALUES (133, 'BGR', 'Bulgarian', 76.8, true);
INSERT INTO practice_05.languages (id, code, name, percent, official) VALUES (134, 'BGR', 'Turkish', 8.2, false);
INSERT INTO practice_05.languages (id, code, name, percent, official) VALUES (135, 'BGR', 'Romani', 3.8, false);
INSERT INTO practice_05.languages (id, code, name, percent, official) VALUES (136, 'BGR', 'Other', 0.7, false);
INSERT INTO practice_05.languages (id, code, name, percent, official) VALUES (137, 'BGR', 'unspecified', 10.5, false);
INSERT INTO practice_05.languages (id, code, name, percent, official) VALUES (138, 'BFA', 'French', null, true);
INSERT INTO practice_05.languages (id, code, name, percent, official) VALUES (139, 'BFA', 'Sudanic family', 90, false);
INSERT INTO practice_05.languages (id, code, name, percent, official) VALUES (140, 'MMR', 'Burmese', null, true);
INSERT INTO practice_05.languages (id, code, name, percent, official) VALUES (141, 'BDI', 'Kirundi', 38.8, true);
INSERT INTO practice_05.languages (id, code, name, percent, official) VALUES (142, 'BDI', 'French', 0.3, true);
INSERT INTO practice_05.languages (id, code, name, percent, official) VALUES (143, 'BDI', 'Swahili', 0.2, false);
INSERT INTO practice_05.languages (id, code, name, percent, official) VALUES (144, 'BDI', 'English', 0.06, true);
INSERT INTO practice_05.languages (id, code, name, percent, official) VALUES (145, 'BDI', 'Other', 3.7, false);
INSERT INTO practice_05.languages (id, code, name, percent, official) VALUES (146, 'BDI', 'unspecified', 56.9, false);
INSERT INTO practice_05.languages (id, code, name, percent, official) VALUES (147, 'KHM', 'Khmer', 96.3, true);
INSERT INTO practice_05.languages (id, code, name, percent, official) VALUES (148, 'KHM', 'Other', 3.7, false);
INSERT INTO practice_05.languages (id, code, name, percent, official) VALUES (149, 'CMR', 'Other', null, false);
INSERT INTO practice_05.languages (id, code, name, percent, official) VALUES (150, 'CMR', 'English', null, true);
INSERT INTO practice_05.languages (id, code, name, percent, official) VALUES (151, 'CMR', 'French', null, true);
INSERT INTO practice_05.languages (id, code, name, percent, official) VALUES (152, 'CAN', 'English', 58.7, true);
INSERT INTO practice_05.languages (id, code, name, percent, official) VALUES (153, 'CAN', 'French', 22, true);
INSERT INTO practice_05.languages (id, code, name, percent, official) VALUES (154, 'CAN', 'Punjabi', 1.4, false);
INSERT INTO practice_05.languages (id, code, name, percent, official) VALUES (155, 'CAN', 'Italian', 1.3, false);
INSERT INTO practice_05.languages (id, code, name, percent, official) VALUES (156, 'CAN', 'Spanish', 1.3, false);
INSERT INTO practice_05.languages (id, code, name, percent, official) VALUES (157, 'CAN', 'German', 1.3, false);
INSERT INTO practice_05.languages (id, code, name, percent, official) VALUES (158, 'CAN', 'Cantonese', 1.2, false);
INSERT INTO practice_05.languages (id, code, name, percent, official) VALUES (159, 'CAN', 'Tagalog', 1.2, false);
INSERT INTO practice_05.languages (id, code, name, percent, official) VALUES (160, 'CAN', 'Arabic', 1.1, false);
INSERT INTO practice_05.languages (id, code, name, percent, official) VALUES (161, 'CAN', 'Other', 10.5, false);
INSERT INTO practice_05.languages (id, code, name, percent, official) VALUES (162, 'CYM', 'English', 90.9, true);
INSERT INTO practice_05.languages (id, code, name, percent, official) VALUES (163, 'CYM', 'Spanish', 4, false);
INSERT INTO practice_05.languages (id, code, name, percent, official) VALUES (164, 'CYM', 'Filipino', 3.3, false);
INSERT INTO practice_05.languages (id, code, name, percent, official) VALUES (165, 'CYM', 'Other', 1.7, false);
INSERT INTO practice_05.languages (id, code, name, percent, official) VALUES (166, 'CYM', 'unspecified', 0.1, false);
INSERT INTO practice_05.languages (id, code, name, percent, official) VALUES (167, 'CAF', 'French', null, true);
INSERT INTO practice_05.languages (id, code, name, percent, official) VALUES (168, 'CAF', 'Sangho', null, false);
INSERT INTO practice_05.languages (id, code, name, percent, official) VALUES (169, 'CAF', 'tribal', null, false);
INSERT INTO practice_05.languages (id, code, name, percent, official) VALUES (170, 'TCD', 'French', null, true);
INSERT INTO practice_05.languages (id, code, name, percent, official) VALUES (171, 'TCD', 'Arabic', null, true);
INSERT INTO practice_05.languages (id, code, name, percent, official) VALUES (172, 'TCD', 'Sara', null, false);
INSERT INTO practice_05.languages (id, code, name, percent, official) VALUES (173, 'TCD', 'Other', null, false);
INSERT INTO practice_05.languages (id, code, name, percent, official) VALUES (174, 'CHL', 'Spanish', 99.5, true);
INSERT INTO practice_05.languages (id, code, name, percent, official) VALUES (175, 'CHL', 'English', 10.2, false);
INSERT INTO practice_05.languages (id, code, name, percent, official) VALUES (176, 'CHL', 'indigenous', 1, false);
INSERT INTO practice_05.languages (id, code, name, percent, official) VALUES (177, 'CHL', 'Other', 2.3, false);
INSERT INTO practice_05.languages (id, code, name, percent, official) VALUES (178, 'CHL', 'unspecified', 0.2, false);
INSERT INTO practice_05.languages (id, code, name, percent, official) VALUES (179, 'CHN', 'Mandarin', null, true);
INSERT INTO practice_05.languages (id, code, name, percent, official) VALUES (180, 'CHN', 'Yue', null, false);
INSERT INTO practice_05.languages (id, code, name, percent, official) VALUES (181, 'CHN', 'Wu', null, false);
INSERT INTO practice_05.languages (id, code, name, percent, official) VALUES (182, 'CHN', 'Minbei', null, false);
INSERT INTO practice_05.languages (id, code, name, percent, official) VALUES (183, 'CHN', 'Minnan', null, false);
INSERT INTO practice_05.languages (id, code, name, percent, official) VALUES (184, 'CHN', 'Xiang', null, false);
INSERT INTO practice_05.languages (id, code, name, percent, official) VALUES (185, 'CHN', 'Gan', null, false);
INSERT INTO practice_05.languages (id, code, name, percent, official) VALUES (186, 'CHN', 'Hakka', null, false);
INSERT INTO practice_05.languages (id, code, name, percent, official) VALUES (187, 'CHN', 'Other', null, false);
INSERT INTO practice_05.languages (id, code, name, percent, official) VALUES (188, 'CXR', 'English', null, true);
INSERT INTO practice_05.languages (id, code, name, percent, official) VALUES (189, 'CXR', 'Chinese', null, false);
INSERT INTO practice_05.languages (id, code, name, percent, official) VALUES (190, 'CXR', 'Malay', null, false);
INSERT INTO practice_05.languages (id, code, name, percent, official) VALUES (191, 'CCK', 'Malay', null, false);
INSERT INTO practice_05.languages (id, code, name, percent, official) VALUES (192, 'CCK', 'English', null, false);
INSERT INTO practice_05.languages (id, code, name, percent, official) VALUES (193, 'COL', 'Spanish', null, true);
INSERT INTO practice_05.languages (id, code, name, percent, official) VALUES (194, 'COM', 'Arabic', null, true);
INSERT INTO practice_05.languages (id, code, name, percent, official) VALUES (195, 'COM', 'French', null, true);
INSERT INTO practice_05.languages (id, code, name, percent, official) VALUES (196, 'COM', 'Shikomoro', null, true);
INSERT INTO practice_05.languages (id, code, name, percent, official) VALUES (197, 'COD', 'French', null, true);
INSERT INTO practice_05.languages (id, code, name, percent, official) VALUES (198, 'COD', 'Lingala', null, false);
INSERT INTO practice_05.languages (id, code, name, percent, official) VALUES (199, 'COD', 'Kingwana', null, false);
INSERT INTO practice_05.languages (id, code, name, percent, official) VALUES (200, 'COD', 'Kikongo', null, false);
INSERT INTO practice_05.languages (id, code, name, percent, official) VALUES (201, 'COD', 'Tshiluba', null, false);
INSERT INTO practice_05.languages (id, code, name, percent, official) VALUES (202, 'COG', 'French', null, true);
INSERT INTO practice_05.languages (id, code, name, percent, official) VALUES (203, 'COG', 'Lingala', null, false);
INSERT INTO practice_05.languages (id, code, name, percent, official) VALUES (204, 'COG', 'Other', null, false);
INSERT INTO practice_05.languages (id, code, name, percent, official) VALUES (205, 'COK', 'English', 86.4, true);
INSERT INTO practice_05.languages (id, code, name, percent, official) VALUES (206, 'COK', 'Rarotongan', 76.2, true);
INSERT INTO practice_05.languages (id, code, name, percent, official) VALUES (207, 'COK', 'Other', 8.3, false);
INSERT INTO practice_05.languages (id, code, name, percent, official) VALUES (208, 'CRI', 'Spanish', null, true);
INSERT INTO practice_05.languages (id, code, name, percent, official) VALUES (209, 'CRI', 'English', null, false);
INSERT INTO practice_05.languages (id, code, name, percent, official) VALUES (210, 'CIV', 'French', null, true);
INSERT INTO practice_05.languages (id, code, name, percent, official) VALUES (211, 'CIV', 'Other', null, false);
INSERT INTO practice_05.languages (id, code, name, percent, official) VALUES (212, 'HRV', 'Croatian', 95.6, true);
INSERT INTO practice_05.languages (id, code, name, percent, official) VALUES (213, 'HRV', 'Serbian', 1.2, false);
INSERT INTO practice_05.languages (id, code, name, percent, official) VALUES (214, 'HRV', 'Other', 3, false);
INSERT INTO practice_05.languages (id, code, name, percent, official) VALUES (215, 'HRV', 'unspecified', 0.2, false);
INSERT INTO practice_05.languages (id, code, name, percent, official) VALUES (216, 'CUB', 'Spanish', null, true);
INSERT INTO practice_05.languages (id, code, name, percent, official) VALUES (217, 'CYP', 'Greek', 80.9, true);
INSERT INTO practice_05.languages (id, code, name, percent, official) VALUES (218, 'CYP', 'Turkish', 0.2, true);
INSERT INTO practice_05.languages (id, code, name, percent, official) VALUES (219, 'CYP', 'English', 4.1, false);
INSERT INTO practice_05.languages (id, code, name, percent, official) VALUES (220, 'CYP', 'Romanian', 2.9, false);
INSERT INTO practice_05.languages (id, code, name, percent, official) VALUES (221, 'CYP', 'Russian', 2.5, false);
INSERT INTO practice_05.languages (id, code, name, percent, official) VALUES (222, 'CYP', 'Bulgarian', 2.2, false);
INSERT INTO practice_05.languages (id, code, name, percent, official) VALUES (223, 'CYP', 'Arabic', 1.2, false);
INSERT INTO practice_05.languages (id, code, name, percent, official) VALUES (224, 'CYP', 'Filipino', 1.1, false);
INSERT INTO practice_05.languages (id, code, name, percent, official) VALUES (225, 'CYP', 'Other', 4.3, false);
INSERT INTO practice_05.languages (id, code, name, percent, official) VALUES (226, 'CYP', 'unspecified', 0.6, false);
INSERT INTO practice_05.languages (id, code, name, percent, official) VALUES (227, 'DNK', 'Danish', null, false);
INSERT INTO practice_05.languages (id, code, name, percent, official) VALUES (228, 'DNK', 'Faroese', null, false);
INSERT INTO practice_05.languages (id, code, name, percent, official) VALUES (229, 'DNK', 'Greenlandic', null, false);
INSERT INTO practice_05.languages (id, code, name, percent, official) VALUES (230, 'DNK', 'German', null, false);
INSERT INTO practice_05.languages (id, code, name, percent, official) VALUES (231, 'DJI', 'French', null, true);
INSERT INTO practice_05.languages (id, code, name, percent, official) VALUES (232, 'DJI', 'Arabic', null, true);
INSERT INTO practice_05.languages (id, code, name, percent, official) VALUES (233, 'DJI', 'Somali', null, false);
INSERT INTO practice_05.languages (id, code, name, percent, official) VALUES (234, 'DJI', 'Afar', null, false);
INSERT INTO practice_05.languages (id, code, name, percent, official) VALUES (235, 'DMA', 'English', null, true);
INSERT INTO practice_05.languages (id, code, name, percent, official) VALUES (236, 'DMA', 'French patois', null, false);
INSERT INTO practice_05.languages (id, code, name, percent, official) VALUES (237, 'DOM', 'Spanish', null, true);
INSERT INTO practice_05.languages (id, code, name, percent, official) VALUES (238, 'ECU', 'Spanish', 93, true);
INSERT INTO practice_05.languages (id, code, name, percent, official) VALUES (239, 'ECU', 'Quechua', 4.1, false);
INSERT INTO practice_05.languages (id, code, name, percent, official) VALUES (240, 'ECU', 'Other', 0.7, false);
INSERT INTO practice_05.languages (id, code, name, percent, official) VALUES (241, 'ECU', 'foreign', 2.2, false);
INSERT INTO practice_05.languages (id, code, name, percent, official) VALUES (242, 'EGY', 'Arabic', null, true);
INSERT INTO practice_05.languages (id, code, name, percent, official) VALUES (243, 'EGY', 'English', null, false);
INSERT INTO practice_05.languages (id, code, name, percent, official) VALUES (244, 'SLV', 'Spanish', null, true);
INSERT INTO practice_05.languages (id, code, name, percent, official) VALUES (245, 'SLV', 'Nawat', null, false);
INSERT INTO practice_05.languages (id, code, name, percent, official) VALUES (246, 'GNQ', 'Spanish', 67.6, true);
INSERT INTO practice_05.languages (id, code, name, percent, official) VALUES (247, 'GNQ', 'Other', null, true);
INSERT INTO practice_05.languages (id, code, name, percent, official) VALUES (248, 'GNQ', 'Fang', null, false);
INSERT INTO practice_05.languages (id, code, name, percent, official) VALUES (249, 'GNQ', 'Bubi', 32.4, false);
INSERT INTO practice_05.languages (id, code, name, percent, official) VALUES (250, 'ERI', 'Tigrinya', null, true);
INSERT INTO practice_05.languages (id, code, name, percent, official) VALUES (251, 'ERI', 'Arabic', null, true);
INSERT INTO practice_05.languages (id, code, name, percent, official) VALUES (252, 'ERI', 'English', null, true);
INSERT INTO practice_05.languages (id, code, name, percent, official) VALUES (253, 'ERI', 'Tigre', null, false);
INSERT INTO practice_05.languages (id, code, name, percent, official) VALUES (254, 'ERI', 'Kunama', null, false);
INSERT INTO practice_05.languages (id, code, name, percent, official) VALUES (255, 'ERI', 'Afar', null, false);
INSERT INTO practice_05.languages (id, code, name, percent, official) VALUES (256, 'ERI', 'Other', null, false);
INSERT INTO practice_05.languages (id, code, name, percent, official) VALUES (257, 'EST', 'Estonian', 68.5, true);
INSERT INTO practice_05.languages (id, code, name, percent, official) VALUES (258, 'EST', 'Russian', 29.6, false);
INSERT INTO practice_05.languages (id, code, name, percent, official) VALUES (259, 'EST', 'Ukrainian', 0.6, false);
INSERT INTO practice_05.languages (id, code, name, percent, official) VALUES (260, 'EST', 'Other', 1.2, false);
INSERT INTO practice_05.languages (id, code, name, percent, official) VALUES (261, 'EST', 'unspecified', 0.1, false);
INSERT INTO practice_05.languages (id, code, name, percent, official) VALUES (262, 'ETH', 'Oromo', 33.8, true);
INSERT INTO practice_05.languages (id, code, name, percent, official) VALUES (263, 'ETH', 'Amharic', 29.3, true);
INSERT INTO practice_05.languages (id, code, name, percent, official) VALUES (264, 'ETH', 'Somali', 6.2, true);
INSERT INTO practice_05.languages (id, code, name, percent, official) VALUES (265, 'ETH', 'Tigrigna', 5.9, true);
INSERT INTO practice_05.languages (id, code, name, percent, official) VALUES (266, 'ETH', 'Sidamo', 4, false);
INSERT INTO practice_05.languages (id, code, name, percent, official) VALUES (267, 'ETH', 'Wolaytta', 2.2, false);
INSERT INTO practice_05.languages (id, code, name, percent, official) VALUES (268, 'ETH', 'Gurage', 2, false);
INSERT INTO practice_05.languages (id, code, name, percent, official) VALUES (269, 'ETH', 'Afar', 1.7, true);
INSERT INTO practice_05.languages (id, code, name, percent, official) VALUES (270, 'ETH', 'Hadiyya', 1.7, false);
INSERT INTO practice_05.languages (id, code, name, percent, official) VALUES (271, 'ETH', 'Gamo', 1.5, false);
INSERT INTO practice_05.languages (id, code, name, percent, official) VALUES (272, 'ETH', 'Gedeo', 1.3, false);
INSERT INTO practice_05.languages (id, code, name, percent, official) VALUES (273, 'ETH', 'Opuuo', 1.2, false);
INSERT INTO practice_05.languages (id, code, name, percent, official) VALUES (274, 'ETH', 'Kafa', 1.1, false);
INSERT INTO practice_05.languages (id, code, name, percent, official) VALUES (275, 'ETH', 'Other', 8.1, false);
INSERT INTO practice_05.languages (id, code, name, percent, official) VALUES (276, 'ETH', 'English', null, false);
INSERT INTO practice_05.languages (id, code, name, percent, official) VALUES (277, 'ETH', 'Arabic', null, false);
INSERT INTO practice_05.languages (id, code, name, percent, official) VALUES (278, 'FRO', 'Faroese', 93.8, false);
INSERT INTO practice_05.languages (id, code, name, percent, official) VALUES (279, 'FRO', 'Danish', 3.2, false);
INSERT INTO practice_05.languages (id, code, name, percent, official) VALUES (280, 'FRO', 'Other', 3, false);
INSERT INTO practice_05.languages (id, code, name, percent, official) VALUES (281, 'FIN', 'Finnish', 88.3, true);
INSERT INTO practice_05.languages (id, code, name, percent, official) VALUES (282, 'FIN', 'Swedish', 5.3, true);
INSERT INTO practice_05.languages (id, code, name, percent, official) VALUES (283, 'FIN', 'Russian', 1.4, false);
INSERT INTO practice_05.languages (id, code, name, percent, official) VALUES (284, 'FIN', 'Other', 5, false);
INSERT INTO practice_05.languages (id, code, name, percent, official) VALUES (285, 'FRA', 'French', 100, true);
INSERT INTO practice_05.languages (id, code, name, percent, official) VALUES (286, 'FRA', 'Provencal', null, false);
INSERT INTO practice_05.languages (id, code, name, percent, official) VALUES (287, 'FRA', 'Breton', null, false);
INSERT INTO practice_05.languages (id, code, name, percent, official) VALUES (288, 'FRA', 'Alsatian', null, false);
INSERT INTO practice_05.languages (id, code, name, percent, official) VALUES (289, 'FRA', 'Corsican', null, false);
INSERT INTO practice_05.languages (id, code, name, percent, official) VALUES (290, 'FRA', 'Catalan', null, false);
INSERT INTO practice_05.languages (id, code, name, percent, official) VALUES (291, 'FRA', 'Basque', null, false);
INSERT INTO practice_05.languages (id, code, name, percent, official) VALUES (292, 'FRA', 'Flemish', null, false);
INSERT INTO practice_05.languages (id, code, name, percent, official) VALUES (293, 'FRA', 'Occitan', null, false);
INSERT INTO practice_05.languages (id, code, name, percent, official) VALUES (294, 'FRA', 'Picard', null, false);
INSERT INTO practice_05.languages (id, code, name, percent, official) VALUES (295, 'FRA', 'French', null, false);
INSERT INTO practice_05.languages (id, code, name, percent, official) VALUES (296, 'FRA', 'Creole patois', null, false);
INSERT INTO practice_05.languages (id, code, name, percent, official) VALUES (297, 'FRA', 'Mahorian', null, false);
INSERT INTO practice_05.languages (id, code, name, percent, official) VALUES (298, 'PYF', 'French', 70, true);
INSERT INTO practice_05.languages (id, code, name, percent, official) VALUES (299, 'PYF', 'Polynesian', 28.2, true);
INSERT INTO practice_05.languages (id, code, name, percent, official) VALUES (300, 'PYF', 'Other', 1.8, false);
INSERT INTO practice_05.languages (id, code, name, percent, official) VALUES (301, 'GAB', 'French', null, true);
INSERT INTO practice_05.languages (id, code, name, percent, official) VALUES (302, 'GAB', 'Fang', null, false);
INSERT INTO practice_05.languages (id, code, name, percent, official) VALUES (303, 'GAB', 'Myene', null, false);
INSERT INTO practice_05.languages (id, code, name, percent, official) VALUES (304, 'GAB', 'Nzebi', null, false);
INSERT INTO practice_05.languages (id, code, name, percent, official) VALUES (305, 'GAB', 'Bapounou/Eschira', null, false);
INSERT INTO practice_05.languages (id, code, name, percent, official) VALUES (306, 'GAB', 'Bandjabi', null, false);
INSERT INTO practice_05.languages (id, code, name, percent, official) VALUES (307, 'GMB', 'English', null, true);
INSERT INTO practice_05.languages (id, code, name, percent, official) VALUES (308, 'GMB', 'Mandinka', null, false);
INSERT INTO practice_05.languages (id, code, name, percent, official) VALUES (309, 'GMB', 'Wolof', null, false);
INSERT INTO practice_05.languages (id, code, name, percent, official) VALUES (310, 'GMB', 'Fula', null, false);
INSERT INTO practice_05.languages (id, code, name, percent, official) VALUES (311, 'GMB', 'Other', null, false);
INSERT INTO practice_05.languages (id, code, name, percent, official) VALUES (312, 'GEO', 'Georgian', 87.6, true);
INSERT INTO practice_05.languages (id, code, name, percent, official) VALUES (313, 'GEO', 'Azeri', 6.2, false);
INSERT INTO practice_05.languages (id, code, name, percent, official) VALUES (314, 'GEO', 'Armenian', 3.9, false);
INSERT INTO practice_05.languages (id, code, name, percent, official) VALUES (315, 'GEO', 'Russian', 1.2, false);
INSERT INTO practice_05.languages (id, code, name, percent, official) VALUES (316, 'GEO', 'Other', 1, false);
INSERT INTO practice_05.languages (id, code, name, percent, official) VALUES (317, 'DEU', 'German', null, true);
INSERT INTO practice_05.languages (id, code, name, percent, official) VALUES (318, 'GHA', 'Asante', 16, false);
INSERT INTO practice_05.languages (id, code, name, percent, official) VALUES (319, 'GHA', 'Ewe', 14, false);
INSERT INTO practice_05.languages (id, code, name, percent, official) VALUES (320, 'GHA', 'Fante', 11.6, false);
INSERT INTO practice_05.languages (id, code, name, percent, official) VALUES (321, 'GHA', 'Boron', 4.9, false);
INSERT INTO practice_05.languages (id, code, name, percent, official) VALUES (322, 'GHA', 'Dagomba', 4.4, false);
INSERT INTO practice_05.languages (id, code, name, percent, official) VALUES (323, 'GHA', 'Dangme', 4.2, false);
INSERT INTO practice_05.languages (id, code, name, percent, official) VALUES (324, 'GHA', 'Dagarte', 3.9, false);
INSERT INTO practice_05.languages (id, code, name, percent, official) VALUES (325, 'GHA', 'Kokomba', 3.5, false);
INSERT INTO practice_05.languages (id, code, name, percent, official) VALUES (326, 'GHA', 'Akyem', 3.2, false);
INSERT INTO practice_05.languages (id, code, name, percent, official) VALUES (327, 'GHA', 'Ga', 3.1, false);
INSERT INTO practice_05.languages (id, code, name, percent, official) VALUES (328, 'GHA', 'Other', 31.2, false);
INSERT INTO practice_05.languages (id, code, name, percent, official) VALUES (329, 'GIB', 'English', null, true);
INSERT INTO practice_05.languages (id, code, name, percent, official) VALUES (330, 'GIB', 'Spanish', null, false);
INSERT INTO practice_05.languages (id, code, name, percent, official) VALUES (331, 'GIB', 'Italian', null, false);
INSERT INTO practice_05.languages (id, code, name, percent, official) VALUES (332, 'GIB', 'Portuguese', null, false);
INSERT INTO practice_05.languages (id, code, name, percent, official) VALUES (333, 'GRC', 'Greek', 99, true);
INSERT INTO practice_05.languages (id, code, name, percent, official) VALUES (334, 'GRC', 'Other', 1, false);
INSERT INTO practice_05.languages (id, code, name, percent, official) VALUES (335, 'GRL', 'Greenlandic', null, true);
INSERT INTO practice_05.languages (id, code, name, percent, official) VALUES (336, 'GRL', 'Danish', null, true);
INSERT INTO practice_05.languages (id, code, name, percent, official) VALUES (337, 'GRL', 'English', null, false);
INSERT INTO practice_05.languages (id, code, name, percent, official) VALUES (338, 'GRD', 'English', null, true);
INSERT INTO practice_05.languages (id, code, name, percent, official) VALUES (339, 'GRD', 'French patois', null, false);
INSERT INTO practice_05.languages (id, code, name, percent, official) VALUES (340, 'GUM', 'English', 43.6, false);
INSERT INTO practice_05.languages (id, code, name, percent, official) VALUES (341, 'GUM', 'Filipino', 21.2, false);
INSERT INTO practice_05.languages (id, code, name, percent, official) VALUES (342, 'GUM', 'Chamorro', 17.8, false);
INSERT INTO practice_05.languages (id, code, name, percent, official) VALUES (343, 'GUM', 'Other Pacific Islander', 10, false);
INSERT INTO practice_05.languages (id, code, name, percent, official) VALUES (344, 'GUM', 'Asian', 6.3, false);
INSERT INTO practice_05.languages (id, code, name, percent, official) VALUES (345, 'GUM', 'Other', 1.1, false);
INSERT INTO practice_05.languages (id, code, name, percent, official) VALUES (346, 'GTM', 'Spanish', 60, true);
INSERT INTO practice_05.languages (id, code, name, percent, official) VALUES (347, 'GTM', 'Amerindian', 40, false);
INSERT INTO practice_05.languages (id, code, name, percent, official) VALUES (348, 'GIN', 'French', null, true);
INSERT INTO practice_05.languages (id, code, name, percent, official) VALUES (349, 'GNB', 'Crioulo', null, false);
INSERT INTO practice_05.languages (id, code, name, percent, official) VALUES (350, 'GNB', 'Portuguese', null, true);
INSERT INTO practice_05.languages (id, code, name, percent, official) VALUES (351, 'GNB', 'Pular', null, false);
INSERT INTO practice_05.languages (id, code, name, percent, official) VALUES (352, 'GNB', 'Mandingo', null, false);
INSERT INTO practice_05.languages (id, code, name, percent, official) VALUES (353, 'GUY', 'English', null, true);
INSERT INTO practice_05.languages (id, code, name, percent, official) VALUES (354, 'GUY', 'Guyanese Creole', null, false);
INSERT INTO practice_05.languages (id, code, name, percent, official) VALUES (355, 'GUY', 'Amerindian', null, false);
INSERT INTO practice_05.languages (id, code, name, percent, official) VALUES (356, 'GUY', 'Indian', null, false);
INSERT INTO practice_05.languages (id, code, name, percent, official) VALUES (357, 'GUY', 'Chinese', null, false);
INSERT INTO practice_05.languages (id, code, name, percent, official) VALUES (358, 'HTI', 'French', null, true);
INSERT INTO practice_05.languages (id, code, name, percent, official) VALUES (359, 'HTI', 'Creole', null, true);
INSERT INTO practice_05.languages (id, code, name, percent, official) VALUES (360, 'HND', 'Spanish', null, true);
INSERT INTO practice_05.languages (id, code, name, percent, official) VALUES (361, 'HND', 'Amerindian', null, false);
INSERT INTO practice_05.languages (id, code, name, percent, official) VALUES (362, 'HKG', 'Cantonese', 89.5, true);
INSERT INTO practice_05.languages (id, code, name, percent, official) VALUES (363, 'HKG', 'English', 3.5, true);
INSERT INTO practice_05.languages (id, code, name, percent, official) VALUES (364, 'HKG', 'Mandarin', 1.4, true);
INSERT INTO practice_05.languages (id, code, name, percent, official) VALUES (365, 'HKG', 'Other Chinese', 4, false);
INSERT INTO practice_05.languages (id, code, name, percent, official) VALUES (366, 'HKG', 'Other', 1.6, false);
INSERT INTO practice_05.languages (id, code, name, percent, official) VALUES (367, 'HUN', 'Hungarian', 99.6, true);
INSERT INTO practice_05.languages (id, code, name, percent, official) VALUES (368, 'HUN', 'English', 16, false);
INSERT INTO practice_05.languages (id, code, name, percent, official) VALUES (369, 'HUN', 'German', 11.2, false);
INSERT INTO practice_05.languages (id, code, name, percent, official) VALUES (370, 'HUN', 'Russian', 1.6, false);
INSERT INTO practice_05.languages (id, code, name, percent, official) VALUES (371, 'HUN', 'Romanian', 1.3, false);
INSERT INTO practice_05.languages (id, code, name, percent, official) VALUES (372, 'HUN', 'French', 1.2, false);
INSERT INTO practice_05.languages (id, code, name, percent, official) VALUES (373, 'HUN', 'Other', 4.2, false);
INSERT INTO practice_05.languages (id, code, name, percent, official) VALUES (374, 'ISL', 'Icelandic', null, false);
INSERT INTO practice_05.languages (id, code, name, percent, official) VALUES (375, 'ISL', 'English', null, false);
INSERT INTO practice_05.languages (id, code, name, percent, official) VALUES (376, 'ISL', 'Nordic', null, false);
INSERT INTO practice_05.languages (id, code, name, percent, official) VALUES (377, 'ISL', 'German', null, false);
INSERT INTO practice_05.languages (id, code, name, percent, official) VALUES (378, 'IND', 'Hindi', 41, false);
INSERT INTO practice_05.languages (id, code, name, percent, official) VALUES (379, 'IND', 'Bengali', 8.1, false);
INSERT INTO practice_05.languages (id, code, name, percent, official) VALUES (380, 'IND', 'Telugu', 7.2, false);
INSERT INTO practice_05.languages (id, code, name, percent, official) VALUES (381, 'IND', 'Marathi', 7, false);
INSERT INTO practice_05.languages (id, code, name, percent, official) VALUES (382, 'IND', 'Tamil', 5.9, false);
INSERT INTO practice_05.languages (id, code, name, percent, official) VALUES (383, 'IND', 'Urdu', 5, false);
INSERT INTO practice_05.languages (id, code, name, percent, official) VALUES (384, 'IND', 'Gujarati', 4.5, false);
INSERT INTO practice_05.languages (id, code, name, percent, official) VALUES (385, 'IND', 'Kannada', 3.7, false);
INSERT INTO practice_05.languages (id, code, name, percent, official) VALUES (386, 'IND', 'Malayalam', 3.2, false);
INSERT INTO practice_05.languages (id, code, name, percent, official) VALUES (387, 'IND', 'Oriya', 3.2, false);
INSERT INTO practice_05.languages (id, code, name, percent, official) VALUES (388, 'IND', 'Punjabi', 2.8, false);
INSERT INTO practice_05.languages (id, code, name, percent, official) VALUES (389, 'IND', 'Assamese', 1.3, false);
INSERT INTO practice_05.languages (id, code, name, percent, official) VALUES (390, 'IND', 'Maithili', 1.2, false);
INSERT INTO practice_05.languages (id, code, name, percent, official) VALUES (391, 'IND', 'Other', 5.9, false);
INSERT INTO practice_05.languages (id, code, name, percent, official) VALUES (392, 'IDN', 'Bahasa', null, true);
INSERT INTO practice_05.languages (id, code, name, percent, official) VALUES (393, 'IDN', 'English', null, false);
INSERT INTO practice_05.languages (id, code, name, percent, official) VALUES (394, 'IDN', 'Dutch', null, false);
INSERT INTO practice_05.languages (id, code, name, percent, official) VALUES (395, 'IDN', 'Other', null, false);
INSERT INTO practice_05.languages (id, code, name, percent, official) VALUES (396, 'IRN', 'Persian', null, true);
INSERT INTO practice_05.languages (id, code, name, percent, official) VALUES (397, 'IRN', 'Turkic', null, false);
INSERT INTO practice_05.languages (id, code, name, percent, official) VALUES (398, 'IRN', 'Kurdish', null, false);
INSERT INTO practice_05.languages (id, code, name, percent, official) VALUES (399, 'IRN', 'Gilaki and Mazandarani', null, false);
INSERT INTO practice_05.languages (id, code, name, percent, official) VALUES (400, 'IRN', 'Luri', null, false);
INSERT INTO practice_05.languages (id, code, name, percent, official) VALUES (401, 'IRN', 'Balochi', null, false);
INSERT INTO practice_05.languages (id, code, name, percent, official) VALUES (402, 'IRN', 'Arabic', null, false);
INSERT INTO practice_05.languages (id, code, name, percent, official) VALUES (403, 'IRN', 'Other', null, false);
INSERT INTO practice_05.languages (id, code, name, percent, official) VALUES (404, 'IRQ', 'Arabic', null, true);
INSERT INTO practice_05.languages (id, code, name, percent, official) VALUES (405, 'IRQ', 'Kurdish', null, true);
INSERT INTO practice_05.languages (id, code, name, percent, official) VALUES (406, 'IRQ', 'Turkmen', null, false);
INSERT INTO practice_05.languages (id, code, name, percent, official) VALUES (407, 'IRQ', 'Syriac', null, true);
INSERT INTO practice_05.languages (id, code, name, percent, official) VALUES (408, 'IRQ', 'Armenian', null, true);
INSERT INTO practice_05.languages (id, code, name, percent, official) VALUES (409, 'IRL', 'English', 61.3, true);
INSERT INTO practice_05.languages (id, code, name, percent, official) VALUES (410, 'IRL', 'Irish', 38.7, true);
INSERT INTO practice_05.languages (id, code, name, percent, official) VALUES (411, 'ISR', 'Hebrew', null, true);
INSERT INTO practice_05.languages (id, code, name, percent, official) VALUES (412, 'ISR', 'Arabic', null, true);
INSERT INTO practice_05.languages (id, code, name, percent, official) VALUES (413, 'ISR', 'English', null, false);
INSERT INTO practice_05.languages (id, code, name, percent, official) VALUES (414, 'ITA', 'Italian', null, true);
INSERT INTO practice_05.languages (id, code, name, percent, official) VALUES (415, 'ITA', 'German', null, false);
INSERT INTO practice_05.languages (id, code, name, percent, official) VALUES (416, 'ITA', 'French', null, false);
INSERT INTO practice_05.languages (id, code, name, percent, official) VALUES (417, 'ITA', 'Slovene', null, false);
INSERT INTO practice_05.languages (id, code, name, percent, official) VALUES (418, 'JAM', 'English', null, false);
INSERT INTO practice_05.languages (id, code, name, percent, official) VALUES (419, 'JAM', 'English patois', null, false);
INSERT INTO practice_05.languages (id, code, name, percent, official) VALUES (420, 'JPN', 'Japanese', null, false);
INSERT INTO practice_05.languages (id, code, name, percent, official) VALUES (421, 'JOR', 'Arabic', null, true);
INSERT INTO practice_05.languages (id, code, name, percent, official) VALUES (422, 'JOR', 'English', null, false);
INSERT INTO practice_05.languages (id, code, name, percent, official) VALUES (423, 'KAZ', 'Kazakh', 74, true);
INSERT INTO practice_05.languages (id, code, name, percent, official) VALUES (424, 'KAZ', 'Russian', 94.4, true);
INSERT INTO practice_05.languages (id, code, name, percent, official) VALUES (425, 'KEN', 'English', null, true);
INSERT INTO practice_05.languages (id, code, name, percent, official) VALUES (426, 'KEN', 'Kiswahili', null, true);
INSERT INTO practice_05.languages (id, code, name, percent, official) VALUES (427, 'KEN', 'Other', null, false);
INSERT INTO practice_05.languages (id, code, name, percent, official) VALUES (428, 'KIR', 'Kiribati', null, false);
INSERT INTO practice_05.languages (id, code, name, percent, official) VALUES (429, 'KIR', 'English', null, true);
INSERT INTO practice_05.languages (id, code, name, percent, official) VALUES (430, 'PRK', 'Korean', null, false);
INSERT INTO practice_05.languages (id, code, name, percent, official) VALUES (431, 'KOR', 'Korean', null, false);
INSERT INTO practice_05.languages (id, code, name, percent, official) VALUES (432, 'KOR', 'English', null, false);
INSERT INTO practice_05.languages (id, code, name, percent, official) VALUES (433, 'KWT', 'Arabic', null, true);
INSERT INTO practice_05.languages (id, code, name, percent, official) VALUES (434, 'KWT', 'English', null, false);
INSERT INTO practice_05.languages (id, code, name, percent, official) VALUES (435, 'KGZ', 'Kyrgyz', 71.4, true);
INSERT INTO practice_05.languages (id, code, name, percent, official) VALUES (436, 'KGZ', 'Uzbek', 14.4, false);
INSERT INTO practice_05.languages (id, code, name, percent, official) VALUES (437, 'KGZ', 'Russian', 9, true);
INSERT INTO practice_05.languages (id, code, name, percent, official) VALUES (438, 'KGZ', 'Other', 5.2, false);
INSERT INTO practice_05.languages (id, code, name, percent, official) VALUES (439, 'LAO', 'Lao', null, true);
INSERT INTO practice_05.languages (id, code, name, percent, official) VALUES (440, 'LAO', 'French', null, false);
INSERT INTO practice_05.languages (id, code, name, percent, official) VALUES (441, 'LAO', 'English', null, false);
INSERT INTO practice_05.languages (id, code, name, percent, official) VALUES (442, 'LAO', 'Other', null, false);
INSERT INTO practice_05.languages (id, code, name, percent, official) VALUES (443, 'LVA', 'Latvian', 56.3, true);
INSERT INTO practice_05.languages (id, code, name, percent, official) VALUES (444, 'LVA', 'Russian', 33.8, false);
INSERT INTO practice_05.languages (id, code, name, percent, official) VALUES (445, 'LVA', 'Other', 0.6, false);
INSERT INTO practice_05.languages (id, code, name, percent, official) VALUES (446, 'LVA', 'unspecified', 9.4, false);
INSERT INTO practice_05.languages (id, code, name, percent, official) VALUES (447, 'LBN', 'Arabic', null, true);
INSERT INTO practice_05.languages (id, code, name, percent, official) VALUES (448, 'LBN', 'French', null, false);
INSERT INTO practice_05.languages (id, code, name, percent, official) VALUES (449, 'LBN', 'English', null, false);
INSERT INTO practice_05.languages (id, code, name, percent, official) VALUES (450, 'LBN', 'Armenian', null, false);
INSERT INTO practice_05.languages (id, code, name, percent, official) VALUES (451, 'LSO', 'Sesotho', null, true);
INSERT INTO practice_05.languages (id, code, name, percent, official) VALUES (452, 'LSO', 'English', null, true);
INSERT INTO practice_05.languages (id, code, name, percent, official) VALUES (453, 'LSO', 'Zulu', null, false);
INSERT INTO practice_05.languages (id, code, name, percent, official) VALUES (454, 'LSO', 'Xhosa', null, false);
INSERT INTO practice_05.languages (id, code, name, percent, official) VALUES (455, 'LBR', 'English', 20, true);
INSERT INTO practice_05.languages (id, code, name, percent, official) VALUES (456, 'LBR', 'Other', null, false);
INSERT INTO practice_05.languages (id, code, name, percent, official) VALUES (457, 'LBY', 'Arabic', null, true);
INSERT INTO practice_05.languages (id, code, name, percent, official) VALUES (458, 'LBY', 'Italian', null, false);
INSERT INTO practice_05.languages (id, code, name, percent, official) VALUES (459, 'LBY', 'English', null, false);
INSERT INTO practice_05.languages (id, code, name, percent, official) VALUES (460, 'LBY', 'Berber', null, false);
INSERT INTO practice_05.languages (id, code, name, percent, official) VALUES (461, 'LIE', 'German', 94.5, true);
INSERT INTO practice_05.languages (id, code, name, percent, official) VALUES (462, 'LIE', 'Italian', 1.1, false);
INSERT INTO practice_05.languages (id, code, name, percent, official) VALUES (463, 'LIE', 'Other', 4.3, false);
INSERT INTO practice_05.languages (id, code, name, percent, official) VALUES (464, 'LTU', 'Lithuanian', 82, true);
INSERT INTO practice_05.languages (id, code, name, percent, official) VALUES (465, 'LTU', 'Russian', 8, false);
INSERT INTO practice_05.languages (id, code, name, percent, official) VALUES (466, 'LTU', 'Polish', 5.6, false);
INSERT INTO practice_05.languages (id, code, name, percent, official) VALUES (467, 'LTU', 'Other', 0.9, false);
INSERT INTO practice_05.languages (id, code, name, percent, official) VALUES (468, 'LTU', 'unspecified', 3.5, false);
INSERT INTO practice_05.languages (id, code, name, percent, official) VALUES (469, 'LUX', 'Luxembourgish', 88.8, true);
INSERT INTO practice_05.languages (id, code, name, percent, official) VALUES (470, 'LUX', 'French', 4.2, true);
INSERT INTO practice_05.languages (id, code, name, percent, official) VALUES (471, 'LUX', 'Portuguese', 2.3, false);
INSERT INTO practice_05.languages (id, code, name, percent, official) VALUES (472, 'LUX', 'German', 1.1, true);
INSERT INTO practice_05.languages (id, code, name, percent, official) VALUES (473, 'LUX', 'Other', 3.5, false);
INSERT INTO practice_05.languages (id, code, name, percent, official) VALUES (474, 'MKD', 'Macedonian', 66.5, true);
INSERT INTO practice_05.languages (id, code, name, percent, official) VALUES (475, 'MKD', 'Albanian', 25.1, false);
INSERT INTO practice_05.languages (id, code, name, percent, official) VALUES (476, 'MKD', 'Turkish', 3.5, false);
INSERT INTO practice_05.languages (id, code, name, percent, official) VALUES (477, 'MKD', 'Romani', 1.9, false);
INSERT INTO practice_05.languages (id, code, name, percent, official) VALUES (478, 'MKD', 'Serbian', 1.2, false);
INSERT INTO practice_05.languages (id, code, name, percent, official) VALUES (479, 'MKD', 'Other', 1.8, false);
INSERT INTO practice_05.languages (id, code, name, percent, official) VALUES (480, 'MDG', 'French', null, true);
INSERT INTO practice_05.languages (id, code, name, percent, official) VALUES (481, 'MDG', 'Malagasy', null, true);
INSERT INTO practice_05.languages (id, code, name, percent, official) VALUES (482, 'MDG', 'English', null, false);
INSERT INTO practice_05.languages (id, code, name, percent, official) VALUES (483, 'MWI', 'English', null, true);
INSERT INTO practice_05.languages (id, code, name, percent, official) VALUES (484, 'MWI', 'Chichewa', null, false);
INSERT INTO practice_05.languages (id, code, name, percent, official) VALUES (485, 'MWI', 'Chinyanja', null, false);
INSERT INTO practice_05.languages (id, code, name, percent, official) VALUES (486, 'MWI', 'Chiyao', null, false);
INSERT INTO practice_05.languages (id, code, name, percent, official) VALUES (487, 'MWI', 'Chitumbuka', null, false);
INSERT INTO practice_05.languages (id, code, name, percent, official) VALUES (488, 'MWI', 'Chilomwe', null, false);
INSERT INTO practice_05.languages (id, code, name, percent, official) VALUES (489, 'MWI', 'Chinkhonde', null, false);
INSERT INTO practice_05.languages (id, code, name, percent, official) VALUES (490, 'MWI', 'Chingoni', null, false);
INSERT INTO practice_05.languages (id, code, name, percent, official) VALUES (491, 'MWI', 'Chisena', null, false);
INSERT INTO practice_05.languages (id, code, name, percent, official) VALUES (492, 'MWI', 'Chitonga', null, false);
INSERT INTO practice_05.languages (id, code, name, percent, official) VALUES (493, 'MWI', 'Chinyakyusa', null, false);
INSERT INTO practice_05.languages (id, code, name, percent, official) VALUES (494, 'MWI', 'Chilambya', null, false);
INSERT INTO practice_05.languages (id, code, name, percent, official) VALUES (495, 'MYS', 'Bahasa Malaysia', null, true);
INSERT INTO practice_05.languages (id, code, name, percent, official) VALUES (496, 'MYS', 'English', null, false);
INSERT INTO practice_05.languages (id, code, name, percent, official) VALUES (497, 'MYS', 'Chinese', null, false);
INSERT INTO practice_05.languages (id, code, name, percent, official) VALUES (498, 'MYS', 'Tamil', null, false);
INSERT INTO practice_05.languages (id, code, name, percent, official) VALUES (499, 'MYS', 'Telugu', null, false);
INSERT INTO practice_05.languages (id, code, name, percent, official) VALUES (500, 'MYS', 'Malayalam', null, false);
INSERT INTO practice_05.languages (id, code, name, percent, official) VALUES (501, 'MYS', 'Panjabi', null, false);
INSERT INTO practice_05.languages (id, code, name, percent, official) VALUES (502, 'MYS', 'Thai', null, false);
INSERT INTO practice_05.languages (id, code, name, percent, official) VALUES (503, 'MDV', 'Dhivehi', null, true);
INSERT INTO practice_05.languages (id, code, name, percent, official) VALUES (504, 'MDV', 'English', null, true);
INSERT INTO practice_05.languages (id, code, name, percent, official) VALUES (505, 'MLI', 'French', null, true);
INSERT INTO practice_05.languages (id, code, name, percent, official) VALUES (506, 'MLI', 'Bambara', 46.3, false);
INSERT INTO practice_05.languages (id, code, name, percent, official) VALUES (507, 'MLI', 'Peul/Foulfoulbe', 9.4, false);
INSERT INTO practice_05.languages (id, code, name, percent, official) VALUES (508, 'MLI', 'Dogon', 7.2, false);
INSERT INTO practice_05.languages (id, code, name, percent, official) VALUES (509, 'MLI', 'Maraka/Soninke', 6.4, false);
INSERT INTO practice_05.languages (id, code, name, percent, official) VALUES (510, 'MLI', 'Malinke', 5.6, false);
INSERT INTO practice_05.languages (id, code, name, percent, official) VALUES (511, 'MLI', 'Sonrhai/Djerma', 5.6, false);
INSERT INTO practice_05.languages (id, code, name, percent, official) VALUES (512, 'MLI', 'Minianka', 4.3, false);
INSERT INTO practice_05.languages (id, code, name, percent, official) VALUES (513, 'MLI', 'Tamacheq', 3.5, false);
INSERT INTO practice_05.languages (id, code, name, percent, official) VALUES (514, 'MLI', 'Senoufo', 2.6, false);
INSERT INTO practice_05.languages (id, code, name, percent, official) VALUES (515, 'MLI', 'Bobo', 2.1, false);
INSERT INTO practice_05.languages (id, code, name, percent, official) VALUES (516, 'MLI', 'unspecified', 0.7, false);
INSERT INTO practice_05.languages (id, code, name, percent, official) VALUES (517, 'MLI', 'Other', 6.3, false);
INSERT INTO practice_05.languages (id, code, name, percent, official) VALUES (518, 'MLT', 'Maltese', 90.1, true);
INSERT INTO practice_05.languages (id, code, name, percent, official) VALUES (519, 'MLT', 'English', 6, true);
INSERT INTO practice_05.languages (id, code, name, percent, official) VALUES (520, 'MLT', 'multilingual', 3, false);
INSERT INTO practice_05.languages (id, code, name, percent, official) VALUES (521, 'MLT', 'Other', 0.9, false);
INSERT INTO practice_05.languages (id, code, name, percent, official) VALUES (522, 'MHL', 'Marshallese', 98.2, true);
INSERT INTO practice_05.languages (id, code, name, percent, official) VALUES (523, 'MHL', 'Other', 1.8, false);
INSERT INTO practice_05.languages (id, code, name, percent, official) VALUES (524, 'MRT', 'Arabic', null, true);
INSERT INTO practice_05.languages (id, code, name, percent, official) VALUES (525, 'MRT', 'Pular', null, false);
INSERT INTO practice_05.languages (id, code, name, percent, official) VALUES (526, 'MRT', 'Soninke', null, false);
INSERT INTO practice_05.languages (id, code, name, percent, official) VALUES (527, 'MRT', 'Wolof', null, false);
INSERT INTO practice_05.languages (id, code, name, percent, official) VALUES (528, 'MRT', 'French', null, false);
INSERT INTO practice_05.languages (id, code, name, percent, official) VALUES (529, 'MUS', 'Creole', 86.5, false);
INSERT INTO practice_05.languages (id, code, name, percent, official) VALUES (530, 'MUS', 'Bhojpuri', 5.3, false);
INSERT INTO practice_05.languages (id, code, name, percent, official) VALUES (531, 'MUS', 'French', 4.1, false);
INSERT INTO practice_05.languages (id, code, name, percent, official) VALUES (532, 'MUS', 'Other', 2.6, false);
INSERT INTO practice_05.languages (id, code, name, percent, official) VALUES (533, 'MUS', 'unspecified', 0.1, false);
INSERT INTO practice_05.languages (id, code, name, percent, official) VALUES (534, 'MEX', 'Spanish', 92.7, false);
INSERT INTO practice_05.languages (id, code, name, percent, official) VALUES (535, 'MEX', 'indigenous', 0.8, false);
INSERT INTO practice_05.languages (id, code, name, percent, official) VALUES (536, 'MEX', 'unspecified', 0.8, false);
INSERT INTO practice_05.languages (id, code, name, percent, official) VALUES (537, 'FSM', 'English', null, true);
INSERT INTO practice_05.languages (id, code, name, percent, official) VALUES (538, 'FSM', 'Chuukese', null, false);
INSERT INTO practice_05.languages (id, code, name, percent, official) VALUES (539, 'FSM', 'Kosrean', null, false);
INSERT INTO practice_05.languages (id, code, name, percent, official) VALUES (540, 'FSM', 'Pohnpeian', null, false);
INSERT INTO practice_05.languages (id, code, name, percent, official) VALUES (541, 'FSM', 'Yapese', null, false);
INSERT INTO practice_05.languages (id, code, name, percent, official) VALUES (542, 'FSM', 'Ulithian', null, false);
INSERT INTO practice_05.languages (id, code, name, percent, official) VALUES (543, 'FSM', 'Woleaian', null, false);
INSERT INTO practice_05.languages (id, code, name, percent, official) VALUES (544, 'FSM', 'Nukuoro', null, false);
INSERT INTO practice_05.languages (id, code, name, percent, official) VALUES (545, 'FSM', 'Kapingamarangi', null, false);
INSERT INTO practice_05.languages (id, code, name, percent, official) VALUES (546, 'MDA', 'Romanian', 80.2, true);
INSERT INTO practice_05.languages (id, code, name, percent, official) VALUES (547, 'MDA', 'Russian', 9.7, false);
INSERT INTO practice_05.languages (id, code, name, percent, official) VALUES (548, 'MDA', 'Gagauz', 4.2, false);
INSERT INTO practice_05.languages (id, code, name, percent, official) VALUES (549, 'MDA', 'Ukrainian', 3.9, false);
INSERT INTO practice_05.languages (id, code, name, percent, official) VALUES (550, 'MDA', 'Bulgarian', 1.5, false);
INSERT INTO practice_05.languages (id, code, name, percent, official) VALUES (551, 'MDA', 'Romani', 0.3, false);
INSERT INTO practice_05.languages (id, code, name, percent, official) VALUES (552, 'MDA', 'Other', 0.2, false);
INSERT INTO practice_05.languages (id, code, name, percent, official) VALUES (553, 'MCO', 'French', null, true);
INSERT INTO practice_05.languages (id, code, name, percent, official) VALUES (554, 'MCO', 'English', null, false);
INSERT INTO practice_05.languages (id, code, name, percent, official) VALUES (555, 'MCO', 'Italian', null, false);
INSERT INTO practice_05.languages (id, code, name, percent, official) VALUES (556, 'MCO', 'Monegasque', null, false);
INSERT INTO practice_05.languages (id, code, name, percent, official) VALUES (557, 'MNG', 'Mongolian', 90, true);
INSERT INTO practice_05.languages (id, code, name, percent, official) VALUES (558, 'MNG', 'Turkic', null, false);
INSERT INTO practice_05.languages (id, code, name, percent, official) VALUES (559, 'MNG', 'Russian', null, false);
INSERT INTO practice_05.languages (id, code, name, percent, official) VALUES (560, 'MSR', 'English', null, false);
INSERT INTO practice_05.languages (id, code, name, percent, official) VALUES (561, 'MAR', 'Arabic', null, true);
INSERT INTO practice_05.languages (id, code, name, percent, official) VALUES (562, 'MAR', 'Berber', null, true);
INSERT INTO practice_05.languages (id, code, name, percent, official) VALUES (563, 'MAR', 'Tachelhit', null, false);
INSERT INTO practice_05.languages (id, code, name, percent, official) VALUES (564, 'MAR', 'Tarifit', null, false);
INSERT INTO practice_05.languages (id, code, name, percent, official) VALUES (565, 'MAR', 'French', null, false);
INSERT INTO practice_05.languages (id, code, name, percent, official) VALUES (566, 'MAR', 'government', null, false);
INSERT INTO practice_05.languages (id, code, name, percent, official) VALUES (567, 'MAR', 'and', null, false);
INSERT INTO practice_05.languages (id, code, name, percent, official) VALUES (568, 'MOZ', 'Emakhuwa', 25.3, false);
INSERT INTO practice_05.languages (id, code, name, percent, official) VALUES (569, 'MOZ', 'Portuguese', 10.7, true);
INSERT INTO practice_05.languages (id, code, name, percent, official) VALUES (570, 'MOZ', 'Xichangana', 10.3, false);
INSERT INTO practice_05.languages (id, code, name, percent, official) VALUES (571, 'MOZ', 'Cisena', 7.5, false);
INSERT INTO practice_05.languages (id, code, name, percent, official) VALUES (572, 'MOZ', 'Elomwe', 7, false);
INSERT INTO practice_05.languages (id, code, name, percent, official) VALUES (573, 'MOZ', 'Echuwabo', 5.1, false);
INSERT INTO practice_05.languages (id, code, name, percent, official) VALUES (574, 'MOZ', 'Other', 30.4, false);
INSERT INTO practice_05.languages (id, code, name, percent, official) VALUES (575, 'MOZ', 'unspecified', 3.7, false);
INSERT INTO practice_05.languages (id, code, name, percent, official) VALUES (576, 'NAM', 'Oshivambo', 48.9, false);
INSERT INTO practice_05.languages (id, code, name, percent, official) VALUES (577, 'NAM', 'Nama', 11.3, false);
INSERT INTO practice_05.languages (id, code, name, percent, official) VALUES (578, 'NAM', 'Afrikaans', 10.4, false);
INSERT INTO practice_05.languages (id, code, name, percent, official) VALUES (579, 'NAM', 'Otjiherero', 8.6, false);
INSERT INTO practice_05.languages (id, code, name, percent, official) VALUES (580, 'NAM', 'Kavango', 8.5, false);
INSERT INTO practice_05.languages (id, code, name, percent, official) VALUES (581, 'NAM', 'Caprivi', 4.8, false);
INSERT INTO practice_05.languages (id, code, name, percent, official) VALUES (582, 'NAM', 'English', 3.4, true);
INSERT INTO practice_05.languages (id, code, name, percent, official) VALUES (583, 'NAM', 'Other', 2.3, false);
INSERT INTO practice_05.languages (id, code, name, percent, official) VALUES (584, 'NAM', 'Other', 1.7, false);
INSERT INTO practice_05.languages (id, code, name, percent, official) VALUES (585, 'NRU', 'Nauruan', 93, true);
INSERT INTO practice_05.languages (id, code, name, percent, official) VALUES (586, 'NRU', 'English', 2, false);
INSERT INTO practice_05.languages (id, code, name, percent, official) VALUES (587, 'NRU', 'Other', 5, false);
INSERT INTO practice_05.languages (id, code, name, percent, official) VALUES (588, 'NPL', 'Nepali', 44.6, true);
INSERT INTO practice_05.languages (id, code, name, percent, official) VALUES (589, 'NPL', 'Maithali', 11.7, false);
INSERT INTO practice_05.languages (id, code, name, percent, official) VALUES (590, 'NPL', 'Bhojpuri', 6, false);
INSERT INTO practice_05.languages (id, code, name, percent, official) VALUES (591, 'NPL', 'Tharu', 5.8, false);
INSERT INTO practice_05.languages (id, code, name, percent, official) VALUES (592, 'NPL', 'Tamang', 5.1, false);
INSERT INTO practice_05.languages (id, code, name, percent, official) VALUES (593, 'NPL', 'Newar', 3.2, false);
INSERT INTO practice_05.languages (id, code, name, percent, official) VALUES (594, 'NPL', 'Magar', 3, false);
INSERT INTO practice_05.languages (id, code, name, percent, official) VALUES (595, 'NPL', 'Bajjika', 3, false);
INSERT INTO practice_05.languages (id, code, name, percent, official) VALUES (596, 'NPL', 'Urdu', 2.6, false);
INSERT INTO practice_05.languages (id, code, name, percent, official) VALUES (597, 'NPL', 'Avadhi', 1.9, false);
INSERT INTO practice_05.languages (id, code, name, percent, official) VALUES (598, 'NPL', 'Limbu', 1.3, false);
INSERT INTO practice_05.languages (id, code, name, percent, official) VALUES (599, 'NPL', 'Gurung', 1.2, false);
INSERT INTO practice_05.languages (id, code, name, percent, official) VALUES (600, 'NPL', 'Other', 10.4, false);
INSERT INTO practice_05.languages (id, code, name, percent, official) VALUES (601, 'NPL', 'unspecified', 0.2, false);
INSERT INTO practice_05.languages (id, code, name, percent, official) VALUES (602, 'NLD', 'Dutch', null, true);
INSERT INTO practice_05.languages (id, code, name, percent, official) VALUES (603, 'NCL', 'French', null, true);
INSERT INTO practice_05.languages (id, code, name, percent, official) VALUES (604, 'NCL', 'Other', null, false);
INSERT INTO practice_05.languages (id, code, name, percent, official) VALUES (605, 'NZL', 'English', 89.8, true);
INSERT INTO practice_05.languages (id, code, name, percent, official) VALUES (606, 'NZL', 'Maori', 3.5, true);
INSERT INTO practice_05.languages (id, code, name, percent, official) VALUES (607, 'NZL', 'Samoan', 2, false);
INSERT INTO practice_05.languages (id, code, name, percent, official) VALUES (608, 'NZL', 'Hindi', 1.6, false);
INSERT INTO practice_05.languages (id, code, name, percent, official) VALUES (609, 'NZL', 'French', 1.2, false);
INSERT INTO practice_05.languages (id, code, name, percent, official) VALUES (610, 'NZL', 'Northern Chinese', 1.2, false);
INSERT INTO practice_05.languages (id, code, name, percent, official) VALUES (611, 'NZL', 'Yue', 1, false);
INSERT INTO practice_05.languages (id, code, name, percent, official) VALUES (612, 'NZL', 'Other', 20.5, false);
INSERT INTO practice_05.languages (id, code, name, percent, official) VALUES (613, 'NZL', 'New Zealand Sign', null, true);
INSERT INTO practice_05.languages (id, code, name, percent, official) VALUES (614, 'NIC', 'Spanish', 95.3, true);
INSERT INTO practice_05.languages (id, code, name, percent, official) VALUES (615, 'NIC', 'Miskito', 2.2, false);
INSERT INTO practice_05.languages (id, code, name, percent, official) VALUES (616, 'NIC', 'Mestizo', 2, false);
INSERT INTO practice_05.languages (id, code, name, percent, official) VALUES (617, 'NIC', 'Other', 0.5, false);
INSERT INTO practice_05.languages (id, code, name, percent, official) VALUES (618, 'NER', 'French', null, true);
INSERT INTO practice_05.languages (id, code, name, percent, official) VALUES (619, 'NER', 'Hausa', null, false);
INSERT INTO practice_05.languages (id, code, name, percent, official) VALUES (620, 'NER', 'Djerma', null, false);
INSERT INTO practice_05.languages (id, code, name, percent, official) VALUES (621, 'NGA', 'English', null, true);
INSERT INTO practice_05.languages (id, code, name, percent, official) VALUES (622, 'NGA', 'Hausa', null, false);
INSERT INTO practice_05.languages (id, code, name, percent, official) VALUES (623, 'NGA', 'Yoruba', null, false);
INSERT INTO practice_05.languages (id, code, name, percent, official) VALUES (624, 'NGA', 'Igbo', null, false);
INSERT INTO practice_05.languages (id, code, name, percent, official) VALUES (625, 'NGA', 'Fulani', null, false);
INSERT INTO practice_05.languages (id, code, name, percent, official) VALUES (626, 'NGA', 'Other', null, false);
INSERT INTO practice_05.languages (id, code, name, percent, official) VALUES (627, 'NIU', 'Niuean', 46, true);
INSERT INTO practice_05.languages (id, code, name, percent, official) VALUES (628, 'NIU', 'Niuean', 32, false);
INSERT INTO practice_05.languages (id, code, name, percent, official) VALUES (629, 'NIU', 'English', 11, true);
INSERT INTO practice_05.languages (id, code, name, percent, official) VALUES (630, 'NIU', 'Niuean', 5, false);
INSERT INTO practice_05.languages (id, code, name, percent, official) VALUES (631, 'NIU', 'Other', 6, false);
INSERT INTO practice_05.languages (id, code, name, percent, official) VALUES (632, 'NFK', 'English', 67.6, true);
INSERT INTO practice_05.languages (id, code, name, percent, official) VALUES (633, 'NFK', 'Other', 32.4, false);
INSERT INTO practice_05.languages (id, code, name, percent, official) VALUES (634, 'MNP', 'Philippine', 32.8, false);
INSERT INTO practice_05.languages (id, code, name, percent, official) VALUES (635, 'MNP', 'Chamorro', 24.1, true);
INSERT INTO practice_05.languages (id, code, name, percent, official) VALUES (636, 'MNP', 'English', 17, true);
INSERT INTO practice_05.languages (id, code, name, percent, official) VALUES (637, 'MNP', 'Other Pacific Island', 10.1, false);
INSERT INTO practice_05.languages (id, code, name, percent, official) VALUES (638, 'MNP', 'Chinese', 6.8, false);
INSERT INTO practice_05.languages (id, code, name, percent, official) VALUES (639, 'MNP', 'Other Asian', 7.3, false);
INSERT INTO practice_05.languages (id, code, name, percent, official) VALUES (640, 'MNP', 'Other', 1.9, false);
INSERT INTO practice_05.languages (id, code, name, percent, official) VALUES (641, 'NOR', 'Bokmal', null, true);
INSERT INTO practice_05.languages (id, code, name, percent, official) VALUES (642, 'NOR', 'Nynorsk', null, true);
INSERT INTO practice_05.languages (id, code, name, percent, official) VALUES (643, 'NOR', 'Other', null, false);
INSERT INTO practice_05.languages (id, code, name, percent, official) VALUES (644, 'OMN', 'Arabic', null, true);
INSERT INTO practice_05.languages (id, code, name, percent, official) VALUES (645, 'OMN', 'English', null, false);
INSERT INTO practice_05.languages (id, code, name, percent, official) VALUES (646, 'OMN', 'Baluchi', null, false);
INSERT INTO practice_05.languages (id, code, name, percent, official) VALUES (647, 'OMN', 'Urdu', null, false);
INSERT INTO practice_05.languages (id, code, name, percent, official) VALUES (648, 'OMN', 'Indian', null, false);
INSERT INTO practice_05.languages (id, code, name, percent, official) VALUES (649, 'PAK', 'Punjabi', 48, false);
INSERT INTO practice_05.languages (id, code, name, percent, official) VALUES (650, 'PAK', 'Sindhi', 12, false);
INSERT INTO practice_05.languages (id, code, name, percent, official) VALUES (651, 'PAK', 'Saraiki', 10, false);
INSERT INTO practice_05.languages (id, code, name, percent, official) VALUES (652, 'PAK', 'Pashto', 8, false);
INSERT INTO practice_05.languages (id, code, name, percent, official) VALUES (653, 'PAK', 'Urdu', 8, true);
INSERT INTO practice_05.languages (id, code, name, percent, official) VALUES (654, 'PAK', 'Balochi', 3, false);
INSERT INTO practice_05.languages (id, code, name, percent, official) VALUES (655, 'PAK', 'Hindko', 2, false);
INSERT INTO practice_05.languages (id, code, name, percent, official) VALUES (656, 'PAK', 'Brahui', 1, false);
INSERT INTO practice_05.languages (id, code, name, percent, official) VALUES (657, 'PAK', 'English', null, true);
INSERT INTO practice_05.languages (id, code, name, percent, official) VALUES (658, 'PAK', 'Burushaski', null, false);
INSERT INTO practice_05.languages (id, code, name, percent, official) VALUES (659, 'PAK', 'Other', null, false);
INSERT INTO practice_05.languages (id, code, name, percent, official) VALUES (660, 'PLW', 'Palauan', 65.2, true);
INSERT INTO practice_05.languages (id, code, name, percent, official) VALUES (661, 'PLW', 'Other', 1.9, false);
INSERT INTO practice_05.languages (id, code, name, percent, official) VALUES (662, 'PLW', 'English', 19.1, true);
INSERT INTO practice_05.languages (id, code, name, percent, official) VALUES (663, 'PLW', 'Filipino', 9.9, false);
INSERT INTO practice_05.languages (id, code, name, percent, official) VALUES (664, 'PLW', 'Chinese', 1.2, false);
INSERT INTO practice_05.languages (id, code, name, percent, official) VALUES (665, 'PLW', 'Other', 2.8, false);
INSERT INTO practice_05.languages (id, code, name, percent, official) VALUES (666, 'PAN', 'Spanish', null, true);
INSERT INTO practice_05.languages (id, code, name, percent, official) VALUES (667, 'PAN', 'indigenous', null, false);
INSERT INTO practice_05.languages (id, code, name, percent, official) VALUES (668, 'PAN', 'Panamanian English Creole', null, false);
INSERT INTO practice_05.languages (id, code, name, percent, official) VALUES (669, 'PAN', 'English', null, false);
INSERT INTO practice_05.languages (id, code, name, percent, official) VALUES (670, 'PAN', 'Chinese', null, false);
INSERT INTO practice_05.languages (id, code, name, percent, official) VALUES (671, 'PAN', 'Arabic', null, false);
INSERT INTO practice_05.languages (id, code, name, percent, official) VALUES (672, 'PAN', 'French', null, false);
INSERT INTO practice_05.languages (id, code, name, percent, official) VALUES (673, 'PAN', 'Other', null, false);
INSERT INTO practice_05.languages (id, code, name, percent, official) VALUES (674, 'PAN', 'Hebrew', null, false);
INSERT INTO practice_05.languages (id, code, name, percent, official) VALUES (675, 'PAN', 'Korean', null, false);
INSERT INTO practice_05.languages (id, code, name, percent, official) VALUES (676, 'PAN', 'Japanese', null, false);
INSERT INTO practice_05.languages (id, code, name, percent, official) VALUES (677, 'PNG', 'Tok Pisin', null, true);
INSERT INTO practice_05.languages (id, code, name, percent, official) VALUES (678, 'PNG', 'English', null, true);
INSERT INTO practice_05.languages (id, code, name, percent, official) VALUES (679, 'PNG', 'Hiri', null, true);
INSERT INTO practice_05.languages (id, code, name, percent, official) VALUES (680, 'PNG', 'Other', null, false);
INSERT INTO practice_05.languages (id, code, name, percent, official) VALUES (681, 'PRY', 'Spanish', null, true);
INSERT INTO practice_05.languages (id, code, name, percent, official) VALUES (682, 'PRY', 'Guarani', null, true);
INSERT INTO practice_05.languages (id, code, name, percent, official) VALUES (683, 'PER', 'Spanish', 84.1, true);
INSERT INTO practice_05.languages (id, code, name, percent, official) VALUES (684, 'PER', 'Quechua', 13, true);
INSERT INTO practice_05.languages (id, code, name, percent, official) VALUES (685, 'PER', 'Aymara', 1.7, true);
INSERT INTO practice_05.languages (id, code, name, percent, official) VALUES (686, 'PER', 'Ashaninka', 0.3, false);
INSERT INTO practice_05.languages (id, code, name, percent, official) VALUES (687, 'PER', 'Other Native', 0.7, false);
INSERT INTO practice_05.languages (id, code, name, percent, official) VALUES (688, 'PER', 'Other', 0.2, false);
INSERT INTO practice_05.languages (id, code, name, percent, official) VALUES (689, 'PHL', 'Filipino', null, true);
INSERT INTO practice_05.languages (id, code, name, percent, official) VALUES (690, 'PHL', 'English', null, true);
INSERT INTO practice_05.languages (id, code, name, percent, official) VALUES (691, 'PHL', 'Other', null, false);
INSERT INTO practice_05.languages (id, code, name, percent, official) VALUES (692, 'POL', 'Polish', 98.2, true);
INSERT INTO practice_05.languages (id, code, name, percent, official) VALUES (693, 'POL', 'Silesian', 1.4, false);
INSERT INTO practice_05.languages (id, code, name, percent, official) VALUES (694, 'POL', 'Other', 1.1, false);
INSERT INTO practice_05.languages (id, code, name, percent, official) VALUES (695, 'POL', 'unspecified', 1.3, false);
INSERT INTO practice_05.languages (id, code, name, percent, official) VALUES (696, 'PRT', 'Portuguese', null, true);
INSERT INTO practice_05.languages (id, code, name, percent, official) VALUES (697, 'PRT', 'Mirandese', null, true);
INSERT INTO practice_05.languages (id, code, name, percent, official) VALUES (698, 'PRI', 'Spanish', null, false);
INSERT INTO practice_05.languages (id, code, name, percent, official) VALUES (699, 'PRI', 'English', null, false);
INSERT INTO practice_05.languages (id, code, name, percent, official) VALUES (700, 'QAT', 'Arabic', null, true);
INSERT INTO practice_05.languages (id, code, name, percent, official) VALUES (701, 'QAT', 'English', null, false);
INSERT INTO practice_05.languages (id, code, name, percent, official) VALUES (702, 'ROM', 'Romanian', 85.4, true);
INSERT INTO practice_05.languages (id, code, name, percent, official) VALUES (703, 'ROM', 'Hungarian', 6.3, false);
INSERT INTO practice_05.languages (id, code, name, percent, official) VALUES (704, 'ROM', 'Romani', 1.2, false);
INSERT INTO practice_05.languages (id, code, name, percent, official) VALUES (705, 'ROM', 'Other', 1, false);
INSERT INTO practice_05.languages (id, code, name, percent, official) VALUES (706, 'ROM', 'unspecified', 6.1, false);
INSERT INTO practice_05.languages (id, code, name, percent, official) VALUES (707, 'RUS', 'Russian', 85.7, true);
INSERT INTO practice_05.languages (id, code, name, percent, official) VALUES (708, 'RUS', 'Tatar', 3.2, false);
INSERT INTO practice_05.languages (id, code, name, percent, official) VALUES (709, 'RUS', 'Chechen', 1, false);
INSERT INTO practice_05.languages (id, code, name, percent, official) VALUES (710, 'RUS', 'Other', 10.1, false);
INSERT INTO practice_05.languages (id, code, name, percent, official) VALUES (711, 'RWA', 'Kinyarwanda', 99.4, true);
INSERT INTO practice_05.languages (id, code, name, percent, official) VALUES (712, 'RWA', 'French', 0.1, true);
INSERT INTO practice_05.languages (id, code, name, percent, official) VALUES (713, 'RWA', 'English', 0.1, true);
INSERT INTO practice_05.languages (id, code, name, percent, official) VALUES (714, 'RWA', 'Swahili', 0.02, false);
INSERT INTO practice_05.languages (id, code, name, percent, official) VALUES (715, 'RWA', 'Other', 0.03, false);
INSERT INTO practice_05.languages (id, code, name, percent, official) VALUES (716, 'RWA', 'unspecified', 0.3, false);
INSERT INTO practice_05.languages (id, code, name, percent, official) VALUES (717, 'KNA', 'English', null, true);
INSERT INTO practice_05.languages (id, code, name, percent, official) VALUES (718, 'LCA', 'English', null, true);
INSERT INTO practice_05.languages (id, code, name, percent, official) VALUES (719, 'LCA', 'French patois', null, false);
INSERT INTO practice_05.languages (id, code, name, percent, official) VALUES (720, 'SPM', 'French', null, true);
INSERT INTO practice_05.languages (id, code, name, percent, official) VALUES (721, 'VCT', 'English', null, false);
INSERT INTO practice_05.languages (id, code, name, percent, official) VALUES (722, 'VCT', 'French patois', null, false);
INSERT INTO practice_05.languages (id, code, name, percent, official) VALUES (723, 'WSM', 'Samoan', null, true);
INSERT INTO practice_05.languages (id, code, name, percent, official) VALUES (724, 'WSM', 'English', null, false);
INSERT INTO practice_05.languages (id, code, name, percent, official) VALUES (725, 'SMR', 'Italian', null, false);
INSERT INTO practice_05.languages (id, code, name, percent, official) VALUES (726, 'STP', 'Portuguese', 98.4, true);
INSERT INTO practice_05.languages (id, code, name, percent, official) VALUES (727, 'STP', 'Forro', 36.2, false);
INSERT INTO practice_05.languages (id, code, name, percent, official) VALUES (728, 'STP', 'Cabo', 8.5, false);
INSERT INTO practice_05.languages (id, code, name, percent, official) VALUES (729, 'STP', 'French', 6.8, false);
INSERT INTO practice_05.languages (id, code, name, percent, official) VALUES (730, 'STP', 'Angolar', 6.6, false);
INSERT INTO practice_05.languages (id, code, name, percent, official) VALUES (731, 'STP', 'English', 4.9, false);
INSERT INTO practice_05.languages (id, code, name, percent, official) VALUES (732, 'STP', 'Lunguie', 1, false);
INSERT INTO practice_05.languages (id, code, name, percent, official) VALUES (733, 'STP', 'Other', 2.4, false);
INSERT INTO practice_05.languages (id, code, name, percent, official) VALUES (734, 'SAU', 'Arabic', null, true);
INSERT INTO practice_05.languages (id, code, name, percent, official) VALUES (735, 'SEN', 'French', null, true);
INSERT INTO practice_05.languages (id, code, name, percent, official) VALUES (736, 'SEN', 'Wolof', null, false);
INSERT INTO practice_05.languages (id, code, name, percent, official) VALUES (737, 'SEN', 'Pular', null, false);
INSERT INTO practice_05.languages (id, code, name, percent, official) VALUES (738, 'SEN', 'Jola', null, false);
INSERT INTO practice_05.languages (id, code, name, percent, official) VALUES (739, 'SEN', 'Mandinka', null, false);
INSERT INTO practice_05.languages (id, code, name, percent, official) VALUES (740, 'SEN', 'Serer', null, false);
INSERT INTO practice_05.languages (id, code, name, percent, official) VALUES (741, 'SEN', 'Soninke', null, false);
INSERT INTO practice_05.languages (id, code, name, percent, official) VALUES (742, 'SYC', 'Seychellois', 89.1, true);
INSERT INTO practice_05.languages (id, code, name, percent, official) VALUES (743, 'SYC', 'English', 5.1, true);
INSERT INTO practice_05.languages (id, code, name, percent, official) VALUES (744, 'SYC', 'French', 0.7, true);
INSERT INTO practice_05.languages (id, code, name, percent, official) VALUES (745, 'SYC', 'Other', 3.8, false);
INSERT INTO practice_05.languages (id, code, name, percent, official) VALUES (746, 'SYC', 'unspecified', 1.4, false);
INSERT INTO practice_05.languages (id, code, name, percent, official) VALUES (747, 'SLE', 'English', null, true);
INSERT INTO practice_05.languages (id, code, name, percent, official) VALUES (748, 'SLE', 'Mende', null, false);
INSERT INTO practice_05.languages (id, code, name, percent, official) VALUES (749, 'SLE', 'Temne', null, false);
INSERT INTO practice_05.languages (id, code, name, percent, official) VALUES (750, 'SLE', 'Krio', 10, false);
INSERT INTO practice_05.languages (id, code, name, percent, official) VALUES (751, 'SGP', 'Mandarin', 36.3, true);
INSERT INTO practice_05.languages (id, code, name, percent, official) VALUES (752, 'SGP', 'English', 29.8, true);
INSERT INTO practice_05.languages (id, code, name, percent, official) VALUES (753, 'SGP', 'Malay', 11.9, true);
INSERT INTO practice_05.languages (id, code, name, percent, official) VALUES (754, 'SGP', 'Hokkien', 8.1, false);
INSERT INTO practice_05.languages (id, code, name, percent, official) VALUES (755, 'SGP', 'Cantonese', 4.1, false);
INSERT INTO practice_05.languages (id, code, name, percent, official) VALUES (756, 'SGP', 'Tamil', 3.2, true);
INSERT INTO practice_05.languages (id, code, name, percent, official) VALUES (757, 'SGP', 'Teochew', 3.2, false);
INSERT INTO practice_05.languages (id, code, name, percent, official) VALUES (758, 'SGP', 'Other Indian', 1.2, false);
INSERT INTO practice_05.languages (id, code, name, percent, official) VALUES (759, 'SGP', 'Other Chinese', 1.1, false);
INSERT INTO practice_05.languages (id, code, name, percent, official) VALUES (760, 'SGP', 'Other', 1.1, false);
INSERT INTO practice_05.languages (id, code, name, percent, official) VALUES (761, 'SVK', 'Slovak', 78.6, true);
INSERT INTO practice_05.languages (id, code, name, percent, official) VALUES (762, 'SVK', 'Hungarian', 9.4, false);
INSERT INTO practice_05.languages (id, code, name, percent, official) VALUES (763, 'SVK', 'Roma', 2.3, false);
INSERT INTO practice_05.languages (id, code, name, percent, official) VALUES (764, 'SVK', 'Ruthenian', 1, false);
INSERT INTO practice_05.languages (id, code, name, percent, official) VALUES (765, 'SVK', 'Other', 8.8, false);
INSERT INTO practice_05.languages (id, code, name, percent, official) VALUES (766, 'SVN', 'Slovenian', 91.1, true);
INSERT INTO practice_05.languages (id, code, name, percent, official) VALUES (767, 'SVN', 'Serbo', 4.5, false);
INSERT INTO practice_05.languages (id, code, name, percent, official) VALUES (768, 'SVN', 'Other', 4.4, false);
INSERT INTO practice_05.languages (id, code, name, percent, official) VALUES (769, 'SVN', 'Italian', null, true);
INSERT INTO practice_05.languages (id, code, name, percent, official) VALUES (770, 'SVN', 'Hungarian', null, true);
INSERT INTO practice_05.languages (id, code, name, percent, official) VALUES (771, 'SLB', 'Melanesian pidgin', null, false);
INSERT INTO practice_05.languages (id, code, name, percent, official) VALUES (772, 'SLB', 'English', 1, true);
INSERT INTO practice_05.languages (id, code, name, percent, official) VALUES (773, 'SLB', 'indigenous', null, false);
INSERT INTO practice_05.languages (id, code, name, percent, official) VALUES (774, 'SOM', 'Somali', null, true);
INSERT INTO practice_05.languages (id, code, name, percent, official) VALUES (775, 'SOM', 'Arabic', null, true);
INSERT INTO practice_05.languages (id, code, name, percent, official) VALUES (776, 'SOM', 'Italian', null, false);
INSERT INTO practice_05.languages (id, code, name, percent, official) VALUES (777, 'SOM', 'English', null, false);
INSERT INTO practice_05.languages (id, code, name, percent, official) VALUES (778, 'ZAF', 'IsiZulu', 22.7, true);
INSERT INTO practice_05.languages (id, code, name, percent, official) VALUES (779, 'ZAF', 'IsiXhosa', 16, true);
INSERT INTO practice_05.languages (id, code, name, percent, official) VALUES (780, 'ZAF', 'Afrikaans', 13.5, true);
INSERT INTO practice_05.languages (id, code, name, percent, official) VALUES (781, 'ZAF', 'English', 9.6, true);
INSERT INTO practice_05.languages (id, code, name, percent, official) VALUES (782, 'ZAF', 'Sepedi', 9.1, true);
INSERT INTO practice_05.languages (id, code, name, percent, official) VALUES (783, 'ZAF', 'Setswana', 8, true);
INSERT INTO practice_05.languages (id, code, name, percent, official) VALUES (784, 'ZAF', 'Sesotho', 7.6, true);
INSERT INTO practice_05.languages (id, code, name, percent, official) VALUES (785, 'ZAF', 'Xitsonga', 4.5, true);
INSERT INTO practice_05.languages (id, code, name, percent, official) VALUES (786, 'ZAF', 'siSwati', 2.5, true);
INSERT INTO practice_05.languages (id, code, name, percent, official) VALUES (787, 'ZAF', 'Tshivenda', 2.4, true);
INSERT INTO practice_05.languages (id, code, name, percent, official) VALUES (788, 'ZAF', 'isiNdebele', 2.1, true);
INSERT INTO practice_05.languages (id, code, name, percent, official) VALUES (789, 'ZAF', 'sign', 0.5, false);
INSERT INTO practice_05.languages (id, code, name, percent, official) VALUES (790, 'ZAF', 'Other', 1.6, false);
INSERT INTO practice_05.languages (id, code, name, percent, official) VALUES (791, 'ESP', 'Castilian Spanish', 74, true);
INSERT INTO practice_05.languages (id, code, name, percent, official) VALUES (792, 'ESP', 'Catalan', 17, true);
INSERT INTO practice_05.languages (id, code, name, percent, official) VALUES (793, 'ESP', 'Galician', 7, true);
INSERT INTO practice_05.languages (id, code, name, percent, official) VALUES (794, 'ESP', 'Basque', 2, true);
INSERT INTO practice_05.languages (id, code, name, percent, official) VALUES (795, 'ESP', 'Aranese', null, true);
INSERT INTO practice_05.languages (id, code, name, percent, official) VALUES (796, 'LKA', 'Sinhala', 74, true);
INSERT INTO practice_05.languages (id, code, name, percent, official) VALUES (797, 'LKA', 'Tamil', 18, true);
INSERT INTO practice_05.languages (id, code, name, percent, official) VALUES (798, 'LKA', 'Other', 8, false);
INSERT INTO practice_05.languages (id, code, name, percent, official) VALUES (799, 'SDN', 'Arabic', null, true);
INSERT INTO practice_05.languages (id, code, name, percent, official) VALUES (800, 'SDN', 'English', null, true);
INSERT INTO practice_05.languages (id, code, name, percent, official) VALUES (801, 'SDN', 'Nubian', null, false);
INSERT INTO practice_05.languages (id, code, name, percent, official) VALUES (802, 'SDN', 'Ta Bedawie', null, false);
INSERT INTO practice_05.languages (id, code, name, percent, official) VALUES (803, 'SDN', 'Fur', null, false);
INSERT INTO practice_05.languages (id, code, name, percent, official) VALUES (804, 'SUR', 'Dutch', null, true);
INSERT INTO practice_05.languages (id, code, name, percent, official) VALUES (805, 'SUR', 'English', null, false);
INSERT INTO practice_05.languages (id, code, name, percent, official) VALUES (806, 'SUR', 'Sranang Tongo', null, false);
INSERT INTO practice_05.languages (id, code, name, percent, official) VALUES (807, 'SUR', 'Caribbean Hindustani', null, false);
INSERT INTO practice_05.languages (id, code, name, percent, official) VALUES (808, 'SUR', 'Javanese', null, false);
INSERT INTO practice_05.languages (id, code, name, percent, official) VALUES (809, 'SWZ', 'English', null, true);
INSERT INTO practice_05.languages (id, code, name, percent, official) VALUES (810, 'SWZ', 'siSwati', null, true);
INSERT INTO practice_05.languages (id, code, name, percent, official) VALUES (811, 'SWE', 'Swedish', null, true);
INSERT INTO practice_05.languages (id, code, name, percent, official) VALUES (812, 'CHE', 'German', 63, true);
INSERT INTO practice_05.languages (id, code, name, percent, official) VALUES (813, 'CHE', 'French', 22.7, true);
INSERT INTO practice_05.languages (id, code, name, percent, official) VALUES (814, 'CHE', 'Italian', 8.1, true);
INSERT INTO practice_05.languages (id, code, name, percent, official) VALUES (815, 'CHE', 'English', 4.9, false);
INSERT INTO practice_05.languages (id, code, name, percent, official) VALUES (816, 'CHE', 'Portuguese', 3.7, false);
INSERT INTO practice_05.languages (id, code, name, percent, official) VALUES (817, 'CHE', 'Albanian', 3, false);
INSERT INTO practice_05.languages (id, code, name, percent, official) VALUES (818, 'CHE', 'Serbo-Croatian', 2.4, false);
INSERT INTO practice_05.languages (id, code, name, percent, official) VALUES (819, 'CHE', 'Spanish', 2.2, false);
INSERT INTO practice_05.languages (id, code, name, percent, official) VALUES (820, 'CHE', 'Romansch', 0.5, true);
INSERT INTO practice_05.languages (id, code, name, percent, official) VALUES (821, 'CHE', 'Other', 7.1, false);
INSERT INTO practice_05.languages (id, code, name, percent, official) VALUES (822, 'SYR', 'Arabic', null, true);
INSERT INTO practice_05.languages (id, code, name, percent, official) VALUES (823, 'SYR', 'Kurdish', null, false);
INSERT INTO practice_05.languages (id, code, name, percent, official) VALUES (824, 'SYR', 'Armenian', null, false);
INSERT INTO practice_05.languages (id, code, name, percent, official) VALUES (825, 'SYR', 'Aramaic', null, false);
INSERT INTO practice_05.languages (id, code, name, percent, official) VALUES (826, 'SYR', 'Circassian', null, false);
INSERT INTO practice_05.languages (id, code, name, percent, official) VALUES (827, 'SYR', 'French', null, false);
INSERT INTO practice_05.languages (id, code, name, percent, official) VALUES (828, 'SYR', 'English', null, false);
INSERT INTO practice_05.languages (id, code, name, percent, official) VALUES (829, 'TWN', 'Mandarin', null, true);
INSERT INTO practice_05.languages (id, code, name, percent, official) VALUES (830, 'TWN', 'Taiwanese', null, false);
INSERT INTO practice_05.languages (id, code, name, percent, official) VALUES (831, 'TWN', 'Hakka', null, false);
INSERT INTO practice_05.languages (id, code, name, percent, official) VALUES (832, 'TJK', 'Tajik', null, true);
INSERT INTO practice_05.languages (id, code, name, percent, official) VALUES (833, 'TJK', 'Russian', null, false);
INSERT INTO practice_05.languages (id, code, name, percent, official) VALUES (834, 'TZA', 'Kiswahili', null, true);
INSERT INTO practice_05.languages (id, code, name, percent, official) VALUES (835, 'TZA', 'English', null, true);
INSERT INTO practice_05.languages (id, code, name, percent, official) VALUES (836, 'TZA', 'Arabic', null, false);
INSERT INTO practice_05.languages (id, code, name, percent, official) VALUES (837, 'TZA', 'many', null, false);
INSERT INTO practice_05.languages (id, code, name, percent, official) VALUES (838, 'THA', 'Thai', 90.7, true);
INSERT INTO practice_05.languages (id, code, name, percent, official) VALUES (839, 'THA', 'Burmese', 1.3, false);
INSERT INTO practice_05.languages (id, code, name, percent, official) VALUES (840, 'THA', 'Other', 8, false);
INSERT INTO practice_05.languages (id, code, name, percent, official) VALUES (841, 'TGO', 'French', null, true);
INSERT INTO practice_05.languages (id, code, name, percent, official) VALUES (842, 'TGO', 'Ewe', null, false);
INSERT INTO practice_05.languages (id, code, name, percent, official) VALUES (843, 'TGO', 'Kabye', null, false);
INSERT INTO practice_05.languages (id, code, name, percent, official) VALUES (844, 'TGO', 'Mina', null, false);
INSERT INTO practice_05.languages (id, code, name, percent, official) VALUES (845, 'TGO', 'Dagomba', null, false);
INSERT INTO practice_05.languages (id, code, name, percent, official) VALUES (846, 'TKL', 'Tokelauan', 88.1, false);
INSERT INTO practice_05.languages (id, code, name, percent, official) VALUES (847, 'TKL', 'English', 48.6, false);
INSERT INTO practice_05.languages (id, code, name, percent, official) VALUES (848, 'TKL', 'Samoan', 26.7, false);
INSERT INTO practice_05.languages (id, code, name, percent, official) VALUES (849, 'TKL', 'Tuvaluan', 11.2, false);
INSERT INTO practice_05.languages (id, code, name, percent, official) VALUES (850, 'TKL', 'Kiribati', 1.5, false);
INSERT INTO practice_05.languages (id, code, name, percent, official) VALUES (851, 'TKL', 'Other', 2.8, false);
INSERT INTO practice_05.languages (id, code, name, percent, official) VALUES (852, 'TKL', 'none', 2.8, false);
INSERT INTO practice_05.languages (id, code, name, percent, official) VALUES (853, 'TKL', 'unspecified', 0.8, false);
INSERT INTO practice_05.languages (id, code, name, percent, official) VALUES (854, 'TON', 'Tongan', null, true);
INSERT INTO practice_05.languages (id, code, name, percent, official) VALUES (855, 'TON', 'English', null, true);
INSERT INTO practice_05.languages (id, code, name, percent, official) VALUES (856, 'TON', 'Other', 1.1, false);
INSERT INTO practice_05.languages (id, code, name, percent, official) VALUES (857, 'TON', 'unspecified', 0.03, false);
INSERT INTO practice_05.languages (id, code, name, percent, official) VALUES (858, 'TTO', 'English', null, true);
INSERT INTO practice_05.languages (id, code, name, percent, official) VALUES (859, 'TTO', 'Caribbean Hindustani', null, false);
INSERT INTO practice_05.languages (id, code, name, percent, official) VALUES (860, 'TTO', 'French', null, false);
INSERT INTO practice_05.languages (id, code, name, percent, official) VALUES (861, 'TTO', 'Spanish', null, false);
INSERT INTO practice_05.languages (id, code, name, percent, official) VALUES (862, 'TTO', 'Chinese', null, false);
INSERT INTO practice_05.languages (id, code, name, percent, official) VALUES (863, 'TUN', 'Arabic', null, true);
INSERT INTO practice_05.languages (id, code, name, percent, official) VALUES (864, 'TUN', 'French', null, false);
INSERT INTO practice_05.languages (id, code, name, percent, official) VALUES (865, 'TUN', 'Berber', null, false);
INSERT INTO practice_05.languages (id, code, name, percent, official) VALUES (866, 'TUR', 'Turkish', null, true);
INSERT INTO practice_05.languages (id, code, name, percent, official) VALUES (867, 'TUR', 'Kurdish', null, false);
INSERT INTO practice_05.languages (id, code, name, percent, official) VALUES (868, 'TUR', 'Other', null, false);
INSERT INTO practice_05.languages (id, code, name, percent, official) VALUES (869, 'TKM', 'Turkmen', 72, true);
INSERT INTO practice_05.languages (id, code, name, percent, official) VALUES (870, 'TKM', 'Russian', 12, false);
INSERT INTO practice_05.languages (id, code, name, percent, official) VALUES (871, 'TKM', 'Uzbek', 9, false);
INSERT INTO practice_05.languages (id, code, name, percent, official) VALUES (872, 'TKM', 'Other', 7, false);
INSERT INTO practice_05.languages (id, code, name, percent, official) VALUES (873, 'TCA', 'English', null, true);
INSERT INTO practice_05.languages (id, code, name, percent, official) VALUES (874, 'TUV', 'Tuvaluan', null, true);
INSERT INTO practice_05.languages (id, code, name, percent, official) VALUES (875, 'TUV', 'English', null, true);
INSERT INTO practice_05.languages (id, code, name, percent, official) VALUES (876, 'TUV', 'Samoan', null, false);
INSERT INTO practice_05.languages (id, code, name, percent, official) VALUES (877, 'TUV', 'Kiribati', null, false);
INSERT INTO practice_05.languages (id, code, name, percent, official) VALUES (878, 'UGA', 'English', null, true);
INSERT INTO practice_05.languages (id, code, name, percent, official) VALUES (879, 'UGA', 'Ganda', null, false);
INSERT INTO practice_05.languages (id, code, name, percent, official) VALUES (880, 'UGA', 'Other', null, false);
INSERT INTO practice_05.languages (id, code, name, percent, official) VALUES (881, 'UGA', 'Nilo', null, false);
INSERT INTO practice_05.languages (id, code, name, percent, official) VALUES (882, 'UGA', 'Swahili', null, false);
INSERT INTO practice_05.languages (id, code, name, percent, official) VALUES (883, 'UGA', 'Arabic', null, false);
INSERT INTO practice_05.languages (id, code, name, percent, official) VALUES (884, 'UKR', 'Ukrainian', 67.5, true);
INSERT INTO practice_05.languages (id, code, name, percent, official) VALUES (885, 'UKR', 'Russian', 29.6, false);
INSERT INTO practice_05.languages (id, code, name, percent, official) VALUES (886, 'UKR', 'Other', 2.9, false);
INSERT INTO practice_05.languages (id, code, name, percent, official) VALUES (887, 'ARE', 'Arabic', null, true);
INSERT INTO practice_05.languages (id, code, name, percent, official) VALUES (888, 'ARE', 'Persian', null, false);
INSERT INTO practice_05.languages (id, code, name, percent, official) VALUES (889, 'ARE', 'English', null, false);
INSERT INTO practice_05.languages (id, code, name, percent, official) VALUES (890, 'ARE', 'Hindi', null, false);
INSERT INTO practice_05.languages (id, code, name, percent, official) VALUES (891, 'ARE', 'Urdu', null, false);
INSERT INTO practice_05.languages (id, code, name, percent, official) VALUES (892, 'GBR', 'English', null, false);
INSERT INTO practice_05.languages (id, code, name, percent, official) VALUES (893, 'USA', 'English', 79.2, false);
INSERT INTO practice_05.languages (id, code, name, percent, official) VALUES (894, 'USA', 'Spanish', 12.9, false);
INSERT INTO practice_05.languages (id, code, name, percent, official) VALUES (895, 'USA', 'Other', 8, false);
INSERT INTO practice_05.languages (id, code, name, percent, official) VALUES (896, 'URY', 'Spanish', null, true);
INSERT INTO practice_05.languages (id, code, name, percent, official) VALUES (897, 'URY', 'Portunol', null, false);
INSERT INTO practice_05.languages (id, code, name, percent, official) VALUES (898, 'URY', 'Brazilero', null, false);
INSERT INTO practice_05.languages (id, code, name, percent, official) VALUES (899, 'UZB', 'Uzbek', 74.3, true);
INSERT INTO practice_05.languages (id, code, name, percent, official) VALUES (900, 'UZB', 'Russian', 14.2, false);
INSERT INTO practice_05.languages (id, code, name, percent, official) VALUES (901, 'UZB', 'Tajik', 4.4, false);
INSERT INTO practice_05.languages (id, code, name, percent, official) VALUES (902, 'UZB', 'Other', 7.1, false);
INSERT INTO practice_05.languages (id, code, name, percent, official) VALUES (903, 'VUT', 'Tribal Languages', 63.2, false);
INSERT INTO practice_05.languages (id, code, name, percent, official) VALUES (904, 'VUT', 'Bislama', 33.7, true);
INSERT INTO practice_05.languages (id, code, name, percent, official) VALUES (905, 'VUT', 'English', 2, true);
INSERT INTO practice_05.languages (id, code, name, percent, official) VALUES (906, 'VUT', 'French', 0.6, true);
INSERT INTO practice_05.languages (id, code, name, percent, official) VALUES (907, 'VUT', 'Other', 0.5, false);
INSERT INTO practice_05.languages (id, code, name, percent, official) VALUES (908, 'VEN', 'Spanish', null, true);
INSERT INTO practice_05.languages (id, code, name, percent, official) VALUES (909, 'VEN', 'indigenous', null, false);
INSERT INTO practice_05.languages (id, code, name, percent, official) VALUES (910, 'VNM', 'Vietnamese', null, true);
INSERT INTO practice_05.languages (id, code, name, percent, official) VALUES (911, 'VNM', 'English', null, false);
INSERT INTO practice_05.languages (id, code, name, percent, official) VALUES (912, 'VNM', 'Other', null, false);
INSERT INTO practice_05.languages (id, code, name, percent, official) VALUES (913, 'WLF', 'Wallisian', 58.9, false);
INSERT INTO practice_05.languages (id, code, name, percent, official) VALUES (914, 'WLF', 'Futunian', 30.1, false);
INSERT INTO practice_05.languages (id, code, name, percent, official) VALUES (915, 'WLF', 'French', 10.8, true);
INSERT INTO practice_05.languages (id, code, name, percent, official) VALUES (916, 'WLF', 'Other', 0.2, false);
INSERT INTO practice_05.languages (id, code, name, percent, official) VALUES (917, 'ESH', 'Standard', null, false);
INSERT INTO practice_05.languages (id, code, name, percent, official) VALUES (918, 'ESH', 'Hassaniya', null, false);
INSERT INTO practice_05.languages (id, code, name, percent, official) VALUES (919, 'ESH', 'Moroccan', null, false);
INSERT INTO practice_05.languages (id, code, name, percent, official) VALUES (920, 'YEM', 'Arabic', null, true);
INSERT INTO practice_05.languages (id, code, name, percent, official) VALUES (921, 'ZMB', 'Bembe', 33.4, false);
INSERT INTO practice_05.languages (id, code, name, percent, official) VALUES (922, 'ZMB', 'Nyanja', 14.7, false);
INSERT INTO practice_05.languages (id, code, name, percent, official) VALUES (923, 'ZMB', 'Tonga', 11.4, false);
INSERT INTO practice_05.languages (id, code, name, percent, official) VALUES (924, 'ZMB', 'Lozi', 5.5, false);
INSERT INTO practice_05.languages (id, code, name, percent, official) VALUES (925, 'ZMB', 'Chewa', 4.5, false);
INSERT INTO practice_05.languages (id, code, name, percent, official) VALUES (926, 'ZMB', 'Nsenga', 2.9, false);
INSERT INTO practice_05.languages (id, code, name, percent, official) VALUES (927, 'ZMB', 'Tumbuka', 2.5, false);
INSERT INTO practice_05.languages (id, code, name, percent, official) VALUES (928, 'ZMB', 'Lunda', 1.9, false);
INSERT INTO practice_05.languages (id, code, name, percent, official) VALUES (929, 'ZMB', 'Kaonde', 1.8, false);
INSERT INTO practice_05.languages (id, code, name, percent, official) VALUES (930, 'ZMB', 'Lala', 1.8, false);
INSERT INTO practice_05.languages (id, code, name, percent, official) VALUES (931, 'ZMB', 'Lamba', 1.8, false);
INSERT INTO practice_05.languages (id, code, name, percent, official) VALUES (932, 'ZMB', 'English', 1.7, true);
INSERT INTO practice_05.languages (id, code, name, percent, official) VALUES (933, 'ZMB', 'Luvale', 1.5, false);
INSERT INTO practice_05.languages (id, code, name, percent, official) VALUES (934, 'ZMB', 'Mambwe', 1.3, false);
INSERT INTO practice_05.languages (id, code, name, percent, official) VALUES (935, 'ZMB', 'Namwanga', 1.2, false);
INSERT INTO practice_05.languages (id, code, name, percent, official) VALUES (936, 'ZMB', 'Lenje', 1.1, false);
INSERT INTO practice_05.languages (id, code, name, percent, official) VALUES (937, 'ZMB', 'Bisa', 1, false);
INSERT INTO practice_05.languages (id, code, name, percent, official) VALUES (938, 'ZMB', 'Other', 9.7, false);
INSERT INTO practice_05.languages (id, code, name, percent, official) VALUES (939, 'ZMB', 'unspecified', 0.2, false);
INSERT INTO practice_05.languages (id, code, name, percent, official) VALUES (940, 'ZWE', 'Shona', null, true);
INSERT INTO practice_05.languages (id, code, name, percent, official) VALUES (941, 'ZWE', 'Ndebele', null, true);
INSERT INTO practice_05.languages (id, code, name, percent, official) VALUES (942, 'ZWE', 'English', null, true);
INSERT INTO practice_05.languages (id, code, name, percent, official) VALUES (943, 'ZWE', 'Chewa', null, true);
INSERT INTO practice_05.languages (id, code, name, percent, official) VALUES (944, 'ZWE', 'Chibarwe', null, true);
INSERT INTO practice_05.languages (id, code, name, percent, official) VALUES (945, 'ZWE', 'Kalanga', null, true);
INSERT INTO practice_05.languages (id, code, name, percent, official) VALUES (946, 'ZWE', 'Koisan', null, true);
INSERT INTO practice_05.languages (id, code, name, percent, official) VALUES (947, 'ZWE', 'Nambya', null, true);
INSERT INTO practice_05.languages (id, code, name, percent, official) VALUES (948, 'ZWE', 'Ndau', null, true);
INSERT INTO practice_05.languages (id, code, name, percent, official) VALUES (949, 'ZWE', 'Shangani', null, true);
INSERT INTO practice_05.languages (id, code, name, percent, official) VALUES (950, 'ZWE', 'sign', null, true);
INSERT INTO practice_05.languages (id, code, name, percent, official) VALUES (951, 'ZWE', 'Sotho', null, true);
INSERT INTO practice_05.languages (id, code, name, percent, official) VALUES (952, 'ZWE', 'Tonga', null, true);
INSERT INTO practice_05.languages (id, code, name, percent, official) VALUES (953, 'ZWE', 'Tswana', null, true);
INSERT INTO practice_05.languages (id, code, name, percent, official) VALUES (954, 'ZWE', 'Venda', null, true);
INSERT INTO practice_05.languages (id, code, name, percent, official) VALUES (955, 'ZWE', 'Xhosa', null, true);


-- adding entries to the business_units table
INSERT INTO business_units (id, name, activity_start_date) VALUES
    (1, 'Consulting 1', '2010-01-15'),
    (2, 'Consulting 2', '2011-02-20'),
    (3, 'Managed services', '2012-03-10'),
    (4, 'Team augmentation 1', '2011-04-05'),
    (5, 'Team Augmentation 2', '2011-05-12'),
    (6, 'Generative AI', '2023-09-09');

-- adding entries to the bands table
INSERT INTO bands (id, name, next_band_id) VALUES (7, 'Senior 4', NULL);
INSERT INTO bands (id, name, next_band_id) VALUES (6, 'Senior 3', 7);
INSERT INTO bands (id, name, next_band_id) VALUES (5, 'Senior 2', 6);
INSERT INTO bands (id, name, next_band_id) VALUES (4, 'Senior 1', 5);
INSERT INTO bands (id, name, next_band_id) VALUES (3, 'Mid-Senior', 4);
INSERT INTO bands (id, name, next_band_id) VALUES (2, 'Junior 2', 3);
INSERT INTO bands (id, name, next_band_id) VALUES (1, 'Junior 1', 2);

-- adding entries for the job title table
INSERT INTO job_titles (id, name) VALUES (1, 'Data engineer');
INSERT INTO job_titles (id, name) VALUES (2, 'BI developer');
INSERT INTO job_titles (id, name) VALUES (3, 'Manager');
INSERT INTO job_titles (id, name) VALUES (4, 'Data Scientist');
INSERT INTO job_titles (id, name) VALUES (5, 'BI Support specialist');

-- Adding rows to the employees table
-- Insert for employees with id from 1 to 10
INSERT INTO employees (id, first_name, middle_name, last_name, hire_date, birth_date, business_unit_id, lead_employee_id, job_title_id, band_id, last_salary_review_date, salary, email_address, gender, yearly_leave_days, personal_id_number, date_of_last_medical_analysis, residence_country_id, native_language_id, preferred_language_id)
VALUES
    (1, 'Gabor', NULL, 'Nagy', '2022-02-15', '1990-08-10', 1, 1, 1, 1, '2023-03-25', 2500, 'gabor@hcl.com', 'M', 25, '123456AB', '2022-10-05', 'HUN', 367, 369),
    (2, 'Istvan', 'Peter', 'Kiss', '2022-03-01', '1985-05-20', 2, 2, 2, 2, NULL, 3500, 'istvan@hcl.com', 'M', 30, '654321CD', '2019-07-12', 'ROM', 367, 369),
    (3, 'Zoltan', NULL, 'Toth', '2022-03-15', '1995-12-02', 3, 3, 3, 3, NULL, 2000, 'zoltan@hcl.com', 'M', 20, '789012EF', '2022-11-30', 'USA', 367, 369),
    (4, 'Eva', NULL, 'Horvath', '2022-04-01', '1992-03-18', 4, 4, 4, 4, '2022-09-10', 4500, 'eva@hcl.com', 'F', 28, '987654FG', '2021-06-25', 'HUN', 893, 894),
    (5, 'Katalin', 'Anna', 'Szabo', '2022-05-01', '1998-07-05', 5, 5, 5, 5, '2023-01-20', 2800, 'katalin@hcl.com', 'F', 35, '567890GH', '2019-03-15', 'ROM', 893, 894),
    (6, 'Andras', 'Balazs', 'Kovacs', '2022-06-15', '1991-10-30', 2, 6, 1, 6, NULL, 2600, 'andras@hcl.com', 'M', 32, '234567IJ', '2023-04-15', 'HUN', 367, 369),
    (7, 'Anita', NULL, 'Molnar', '2022-07-01', '1997-09-12', 3, 7, 2, 7, '2023-04-30', 3800, 'anita@hcl.com', 'F', 27, '456789JK', '2022-05-10', 'USA', 367, 369);
INSERT INTO employees (id, first_name, middle_name, last_name, hire_date, birth_date, business_unit_id, lead_employee_id, job_title_id, band_id, last_salary_review_date, salary, email_address, gender, yearly_leave_days, personal_id_number, date_of_last_medical_analysis, residence_country_id, native_language_id, preferred_language_id)
VALUES
    (8, 'Ferenc', 'Peter', 'Kovacs', '2022-08-15', '1996-11-25', 4, 8, 3, 7, NULL, 2900, 'ferenc@hcl.com', 'M', 22, '345678KL', NULL, 'HUN', 893, 894),
    (9, 'Lilla', NULL, 'Toth', '2022-09-01', '1989-04-15', NULL, 9, 4, 5, '2022-08-10', 4100, 'lilla@hcl.com', 'F', 33, '234567MN', NULL, 'ROM', 367, NULL),
    (10, 'Laszlo', 'Gabor', 'Nagy', '2022-10-01', '1993-06-28', 5, 10, 5, NULL, '2023-02-18', 3200, 'laszlo@hcl.com', 'M', 24, '123456OP', '2020-04-20', 'USA', 894, NULL);

-- Insert for employees with id from 11 to 20
INSERT INTO employees (id, first_name, middle_name, last_name, hire_date, birth_date, business_unit_id, lead_employee_id, job_title_id, band_id, last_salary_review_date, salary, email_address, gender, yearly_leave_days, personal_id_number, date_of_last_medical_analysis, residence_country_id, native_language_id, preferred_language_id)
VALUES
    (11, 'Anna', NULL, 'Kovacs', '2022-05-10', '1990-03-15', 1, 1, 1, 1, '2022-06-15', 3500, 'anna.kovacs@hcl.com', 'F', 25, '900315AB', '2022-04-01', 'HUN', 367, NULL),
    (12, 'Balazs', NULL, 'Toth', '2021-08-20', '1988-12-10', 2, 2, 2, 2, '2023-02-15', 4000, 'balazs.toth@hcl.com', 'M', 30, '881210CD', NULL, 'HUN', 369, NULL),
    (13, 'Gabor', NULL, 'Nagy', '2023-01-05', '1995-07-03', 3, 3, 3, 3, NULL, 2500, 'gabor.nagy@hcl.com', 'M', 28, '950703EF', '2022-09-20', 'ROM', 367, NULL),
    (14, 'Katalin', NULL, 'Szabo', '2020-04-15', '1992-10-24', 4, 4, 4, 4, NULL, 3000, 'katalin.szabo@hcl.com', 'F', 35, '921024GH', '2023-04-15', 'USA', 369, 893),
    (15, 'Istvan', NULL, 'Horvath', '2019-11-30', '1985-06-08', 5, 5, 5, 5, '2021-07-25', 4500, 'istvan.horvath@hcl.com', 'M', 20, '850608IJ', '2021-10-10', 'HUN', 894, 367),
    (16, 'Eva', NULL, 'Kiss', '2021-06-10', '1989-09-12', NULL, NULL, NULL, 6, NULL, 2800, 'eva.kiss@hcl.com', 'F', 22, '890912KL', NULL, 'ROM', 367, 893),
    (17, 'Tamas', NULL, 'Molnar', '2019-04-03', '1980-11-19', NULL, NULL, NULL, 7, NULL, 2000, 'tamas.molnar@hcl.com', 'M', 23, '801119MN', NULL, 'USA', 894, 367),
    (18, 'Zsuzsa', NULL, 'Papp', '2022-09-05', '1993-04-28', NULL, NULL, NULL, 1, '2022-11-15', 3200, 'zsuzsa.papp@hcl.com', 'F', 33, '930428OP', '2022-10-20', 'HUN', 367, 369),
    (19, 'Laszlo', NULL, 'Varga', '2020-11-10', '1987-08-17', NULL, NULL, NULL, 2, '2021-01-20', 3800, 'laszlo.varga@hcl.com', 'M', 24, '870817QR', '2020-12-15', 'ROM', 369, 894),
    (20, 'Noemi', NULL, 'Biro', '2021-07-22', '1994-03-05', NULL, NULL, NULL, 3, NULL, 2700, 'noemi.biro@hcl.com', 'F', 21, '940305ST', '2021-10-01', 'USA', 894, 367);

-- Insert for employees with id from 21 to 29
INSERT INTO employees (id, first_name, last_name, hire_date, birth_date, business_unit_id, lead_employee_id, job_title_id, band_id, last_salary_review_date, salary, email_address, gender, yearly_leave_days, personal_id_number, date_of_last_medical_analysis, residence_country_id, native_language_id, preferred_language_id)
VALUES
(21, 'Gabor', 'Kovacs', '2022-03-15', '1990-05-10', 2, 6, 2, 3, NULL, 3500, 'gabor.kovacs@hcl.com', 'M', 25, '123456AB', '2020-12-15', 'HUN', 367, 367);
INSERT INTO employees (id, first_name, last_name, hire_date, birth_date, business_unit_id, lead_employee_id, job_title_id, band_id, last_salary_review_date, salary, email_address, gender, yearly_leave_days, personal_id_number, date_of_last_medical_analysis, residence_country_id, native_language_id, preferred_language_id)
VALUES
(22, 'Anna', 'Nagy', '2020-08-20', '1991-11-22', 5, 1, 4, 6, '2022-03-12', 3800, 'anna.nagy@hcl.com', 'F', 30, '654321CD', NULL, 'ROM', 369, 367);
INSERT INTO employees (id, first_name, last_name, hire_date, birth_date, business_unit_id, lead_employee_id, job_title_id, band_id, last_salary_review_date, salary, email_address, gender, yearly_leave_days, personal_id_number, date_of_last_medical_analysis, residence_country_id, native_language_id, preferred_language_id)
VALUES
(23, 'Ferenc', 'Kiss', '2019-06-10', '1995-09-18', 4, 10, 1, 2, '2023-01-20', 2900, 'ferenc.kiss@hcl.com', 'M', 22, '123789GH', '2022-02-05', 'HUN', 894, 367);
INSERT INTO employees (id, first_name, middle_name, last_name, hire_date, birth_date, business_unit_id, lead_employee_id, job_title_id, band_id, last_salary_review_date, salary, email_address, gender, yearly_leave_days, personal_id_number, date_of_last_medical_analysis, residence_country_id, native_language_id, preferred_language_id)
VALUES
(24, 'Katalin', NULL, 'Varga', '2019-11-05', '1994-07-28', 1, 8, 5, 5, NULL, 2600, 'katalin.varga@hcl.com', 'F', 26, '456123KL', NULL, 'USA', 893, 369);
INSERT INTO employees (id, first_name, middle_name, last_name, hire_date, birth_date, business_unit_id, lead_employee_id, job_title_id, band_id, last_salary_review_date, salary, email_address, gender, yearly_leave_days, personal_id_number, date_of_last_medical_analysis, residence_country_id, native_language_id, preferred_language_id)
VALUES
(25, 'Miklos', NULL, 'Kovacs', '2021-04-08', '1992-03-01', 3, 9, 3, 4, NULL, 3100, 'miklos.kovacs@hcl.com', 'M', 28, '987654MN', '2023-04-15', 'ROM', 367, 367);
INSERT INTO employees (id, first_name, last_name, hire_date, birth_date, business_unit_id, lead_employee_id, job_title_id, band_id, last_salary_review_date, salary, email_address, gender, yearly_leave_days, personal_id_number, date_of_last_medical_analysis, residence_country_id, native_language_id, preferred_language_id)
VALUES
(26, 'Eva', 'Szabo', '2023-02-22', '1993-08-12', 2, 7, 2, 3, NULL, 2800, 'eva.szabo@hcl.com', 'F', 20, '543219OP', '2022-06-30', 'HUN', 894, 894);
INSERT INTO employees (id, first_name, last_name, hire_date, birth_date, business_unit_id, lead_employee_id, job_title_id, band_id, last_salary_review_date, salary, email_address, gender, yearly_leave_days, personal_id_number, date_of_last_medical_analysis, residence_country_id, native_language_id, preferred_language_id)
VALUES
(27, 'Andras', 'Farkas', '2019-08-17', '1996-04-14', 5, 1, 4, 6, '2022-05-25', 3500, 'andras.farkas@hcl.com', 'M', 33, '785621QR', NULL, 'USA', 367, 369);
INSERT INTO employees (id, first_name, last_name, hire_date, birth_date, business_unit_id, lead_employee_id, job_title_id, band_id, last_salary_review_date, salary, email_address, gender, yearly_leave_days, personal_id_number, date_of_last_medical_analysis, residence_country_id, native_language_id, preferred_language_id)
VALUES
(28, 'Krisztina', 'Toth', '2022-01-05', '1997-12-03', 2, 6, 2, 3, NULL, 2900, 'krisztina.toth@hcl.com', 'F', 24, '896513XY', '2021-09-10', 'HUN', 367, 367);
INSERT INTO employees (id, first_name, last_name, hire_date, birth_date, business_unit_id, lead_employee_id, job_title_id, band_id, last_salary_review_date, salary, email_address, gender, yearly_leave_days, personal_id_number, date_of_last_medical_analysis, residence_country_id, native_language_id, preferred_language_id)
VALUES
(29, 'Bela', 'Nagy', '2020-12-03', '1998-10-06', 4, 10, 1, 2, '2020-11-30', 3100, 'bela.nagy@hcl.com', 'M', 21, '986123WZ', NULL, 'ROM', 367, 369);

UPDATE employees SET lead_employee_id=10 WHERE id=COALESCE(lead_employee_id, -1);
UPDATE employees SET lead_employee_id=NULL WHERE id=10;

-- populate table customers
INSERT INTO customers (id, name)
VALUES
    (1, 'Apple'),
    (2, 'AGCO'),
    (3, 'GE'),
    (4, 'WizzAir'),
    (5, 'GLS'),
    (6, 'BlackRock'),
    (7, 'Johnson&Johnson');

-- populate table projects
INSERT INTO practice_05.projects (id, name, start_date, completion_date, cancellation_date, customer_id)
VALUES (1, 'DataSculpt: Streamlined ETL Pipelines', '2023-02-11', '2023-08-14', NULL, 2);
INSERT INTO practice_05.projects (id, name, start_date, completion_date, cancellation_date, customer_id)
VALUES (2, 'BIOasis: Business Intelligence Optimization & Analytics', '2023-03-13', NULL, NULL,3);
INSERT INTO practice_05.projects (id, name, start_date, completion_date, cancellation_date, customer_id)
VALUES (3, 'EnginFlow: Real-time Data Processing Solutions', '2023-01-01', '2023-10-01', NULL, 6);
INSERT INTO practice_05.projects (id, name, start_date, completion_date, cancellation_date, customer_id)
VALUES (4, 'InsightForge: BI Dashboard & Reporting Suite', '2022-12-01', NULL, NULL, 1);
INSERT INTO practice_05.projects (id, name, start_date, completion_date, cancellation_date, customer_id)
VALUES (5, 'DeltaDive: Incremental Data Lake Enhancements', '2023-02-01', '2023-09-01', NULL, 3);
INSERT INTO practice_05.projects (id, name, start_date, completion_date, cancellation_date, customer_id)
VALUES (6, 'LuminaLink: Advanced Data Visualization Tools', '2023-01-15', NULL, '2023-06-01', 4);
INSERT INTO practice_05.projects (id, name, start_date, completion_date, cancellation_date, customer_id)
VALUES (7, 'PivotPulse: Dynamic BI Query Engine', '2021-01-15', NULL, NULL, 4);
INSERT INTO practice_05.projects (id, name, start_date, completion_date, cancellation_date, customer_id)
VALUES (8, 'NexaNode: Scalable Data Warehouse Solutions', '2023-04-17', NULL, NULL, 7);
INSERT INTO practice_05.projects (id, name, start_date, completion_date, cancellation_date, customer_id)
VALUES (9, 'StreamSync: Continuous Data Integration Hub', NULL, NULL, NULL, 5);
INSERT INTO practice_05.projects (id, name, start_date, completion_date, cancellation_date, customer_id)
VALUES (10, 'VistaVeer: Predictive Analytics & BI Support', NULL, NULL, NULL, 5);

-- populate project assignments
INSERT INTO project_assignments (id, employee_id, project_id, start_date, percentage)
VALUES (1, 1, 2, '2023-01-01', 60);
INSERT INTO project_assignments (id, employee_id, project_id, start_date, percentage)
VALUES (2, 1, 7, '2023-01-05', 40);
INSERT INTO project_assignments (id, employee_id, project_id, start_date, percentage)
VALUES (3, 2, 2, '2023-01-01', 75);
INSERT INTO project_assignments (id, employee_id, project_id, start_date, percentage)
VALUES (4, 2, 8, '2023-01-05', 25);
INSERT INTO project_assignments (id, employee_id, project_id, start_date, percentage)
VALUES (5, 3, 2, '2023-01-01', 100);
INSERT INTO project_assignments (id, employee_id, project_id, start_date, percentage)
VALUES (6, 4, 8, '2023-01-05', 100);
INSERT INTO project_assignments (id, employee_id, project_id, start_date, percentage)
VALUES (7, 6, 7, '2023-01-05', 100);
INSERT INTO project_assignments (id, employee_id, project_id, start_date, percentage)
VALUES (8, 7, 7, '2023-01-05', 100);
INSERT INTO project_assignments (id, employee_id, project_id, start_date, percentage)
VALUES (9, 9, 7, '2023-01-05', 100);
INSERT INTO project_assignments (id, employee_id, project_id, start_date, percentage)
VALUES (10, 10, 7, '2023-01-05', 30);
INSERT INTO project_assignments (id, employee_id, project_id, start_date, percentage)
VALUES (11, 10, 8, '2023-01-05', 70);
INSERT INTO project_assignments (id, employee_id, project_id, start_date, end_date, percentage)
VALUES (12, 10, 1, '2023-03-05', '2023-05-05', 70);
INSERT INTO project_assignments (id, employee_id, project_id, start_date, end_date, percentage)
VALUES (13, 1, 1, '2023-03-05', '2023-05-15', 50);
INSERT INTO project_assignments (id, employee_id, project_id, start_date, percentage)
VALUES (14, 11, 8, '2023-01-05', 100);
INSERT INTO project_assignments (id, employee_id, project_id, start_date, percentage)
VALUES (15, 12, 8, '2023-01-05', 100);

-- minor fixes

DELETE FROM practice_05.languages l
where UPPER(TRIM(l.code)) IN ('CXR','TWN','AIA','COK','NIU','NFK','ESH','TKL','WLF');

ALTER TABLE practice_05.languages
    ADD CONSTRAINT languages_code_fkey
        FOREIGN KEY (code)
            REFERENCES countries (code);

-- populating the activity_categories table
INSERT INTO practice_05.activity_categories (id, internal_code, name) VALUES (1, 'L51555', 'Data Modeling');
INSERT INTO practice_05.activity_categories (id, internal_code, name) VALUES (2, 'X65313', 'ETL Development');
INSERT INTO practice_05.activity_categories (id, internal_code, name) VALUES (3, 'D52774', 'Data pipeline testing');
INSERT INTO practice_05.activity_categories (id, internal_code, name) VALUES (4, 'Z87131', 'Query performance testing and tuning');
INSERT INTO practice_05.activity_categories (id, internal_code, name) VALUES (5, 'L90934', 'Dashboard Creation');
INSERT INTO practice_05.activity_categories (id, internal_code, name) VALUES (6, 'J49777', 'Report Development');
INSERT INTO practice_05.activity_categories (id, internal_code, name) VALUES (7, 'J56197', 'Data Visualization');
INSERT INTO practice_05.activity_categories (id, internal_code, name) VALUES (8, 'K64659', 'Data Analysis Support');
INSERT INTO practice_05.activity_categories (id, internal_code, name) VALUES (9, 'H61900', 'BI Tool Maintenance');

-- populating the activity_types table
INSERT INTO practice_06.leave_types (id, name) VALUES (1, 'ANNUAL');
INSERT INTO practice_06.leave_types (id, name) VALUES (2, 'SICK');
INSERT INTO practice_06.leave_types (id, name) VALUES (3, 'PARENTAL');
INSERT INTO practice_06.leave_types (id, name) VALUES (4, 'UNPAID');

-- populating the leave_request_statuses table
INSERT INTO practice_06.leave_request_statuses (id, name, is_approved) VALUES (1, 'PENDING', FALSE);
INSERT INTO practice_06.leave_request_statuses (id, name, is_approved) VALUES (2, 'APPROVED', TRUE);
INSERT INTO practice_06.leave_request_statuses (id, name, is_approved) VALUES (3, 'REJECTED', FALSE);

